title,year,budget,length,rating,votes
Abandon,2002,25000000,99,4,2179
Abbott and Costello Go to Mars,1953,754000,77,5,331
Abbott and Costello Meet Captain Kidd,1952,450000,70,5,150
About a Boy,2002,27000000,101,7,16946
About Schmidt,2002,30000000,125,7,21547
Abschied,1930,15000,80,6,14
Absolute Power,1997,50000000,121,6,7580
Accident,1967,600000,105,7,319
Ace in the Hole,1951,1821052,111,7,1032
Across the Wide Missouri,1951,5000000,78,6,196
Across to Singapore,1928,290000,86,6,53
Acts of Betrayal,1997,3000000,90,4,88
Adam Had Four Sons,1941,488000,81,6,70
Adventure,1945,3500000,135,5,101
Affliction,1997,6000000,114,6,3526
After Hours,1985,4500000,96,7,5187
After Midnight,1989,3000000,90,5,150
After Sex,2000,5000000,96,4,182
After the Sunset,2004,58000000,97,5,1332
Age of Innocence,1977,850000,101,6,46
Agent Cody Banks,2003,26000000,102,5,2386
Agent on Ice,1985,2500000,96,4,15
Aida degli alberi,2001,7000000,75,4,16
Air Bud,1997,3000000,98,4,1192
Air Force One,1997,85000000,124,6,24977
Airborne,1993,2600000,91,5,991
Airmail,1932,305000,84,6,72
Airport,1970,10000000,137,6,2762
Akasha,2001,1500,82,7,26
Aladdin,1992,28000000,90,7,21100
Albino Alligator,1996,5000000,97,6,1962
Alexander,2004,150000000,175,5,8434
Alfie,2004,60000000,103,5,1681
Ali,2001,107000000,159,6,8554
Alias,2002,1500000,98,5,251
Alice,1990,12000000,102,6,1614
Alice in Wonderland,1951,3000000,75,7,4202
Alien,1979,11000000,117,8,60105
Alien Dead,1980,12000,69,2,103
Alien Escape,1997,1000000,85,5,23
Alien Nation,1988,16000000,91,6,2076
Aliens,1986,18500000,137,8,61684
Alive,1993,32000000,127,6,5480
All About the Benjamins,2002,14000000,95,5,1146
All Quiet on the Western Front,1930,1200000,131,8,6506
All the Pretty Horses,2000,45000000,116,5,3010
All the Real Girls,2003,1000000,108,6,1570
All the Vermeers in New York,1990,250000,87,5,122
All Through the Night,1942,750000,107,6,345
Alligator,1980,1000000,89,5,964
Almost Famous,2000,60000000,122,8,36619
Almost You,1985,1000000,96,4,42
Along Came a Spider,2001,28000000,104,6,8965
Along Came Polly,2004,42000000,90,5,8524
Along for the Ride,2000,150000,99,7,12
Always,1989,29500000,106,6,4695
Amadeus,1984,18000000,180,8,35154
Ame agaru,1999,3800000,91,7,410
American Beauty,1999,15000000,122,8,105100
American Desi,2001,250000,100,6,272
American Gigolo,1980,4800000,117,5,2338
American Graffiti,1973,777000,110,7,12133
American History X,1998,10000000,119,8,55449
American Me,1992,16000000,125,6,648
American Outlaws,2001,35000000,94,5,2686
American Pie,1999,11000000,95,6,38891
American Psycho,2000,8000000,101,6,20127
American Raspberry,1977,50000,75,5,16
American Wedding,2003,55000000,96,6,12281
Amistad,1997,40000000,152,7,9950
Amores perros,2000,2000000,153,8,13796
Anaconda,1997,35000000,89,4,9893
Analyze This,1999,30000000,103,6,23258
Anastasia,1997,53000000,94,6,4633
And Baby Makes Three,1949,700000,84,4,20
And Now for Something Completely Different,1971,100000,85,7,3276
And Then Came Summer,2000,2300,115,4,51
Andy,1985,125000,73,8,9
Angel Eyes,2001,38000000,102,5,4492
Angel Heart,1987,17000000,113,7,7853
Animal House,1978,3000000,109,7,16919
Ann Vickers,1933,303000,76,6,45
Anna and the King,1999,75000000,148,6,6391
Anna Christie,1930,376000,89,6,225
Anna Karenina,1935,1152000,95,7,445
Annie,1982,50000000,126,5,3285
Annie Get Your Gun,1950,3768785,107,7,494
Annie Hall,1977,4000000,93,8,20358
Another Language,1933,272297,77,6,12
Another Woman,1988,10000000,84,7,1302
Anthony Adverse,1936,1050500,141,6,188
Anthrax,2001,2500000,90,4,47
Antikiller,2002,5000000,114,5,210
Antitrust,2001,30000000,108,6,6950
Antony and Cleopatra,1972,1600000,138,4,81
Antwone Fisher,2002,12500000,120,7,4101
Antz,1998,60000000,87,7,15539
Any Given Sunday,1999,62000000,150,6,18420
Any Number Can Play,1949,1465641,112,6,61
Anything Else,2003,18000000,108,6,3209
Anything Goes,1936,1100000,92,5,38
Anywhere But Here,1999,23000000,114,5,3800
Apache Woman,1955,80000,69,3,19
Aparte,2002,90000,91,8,22
Apocalypse Now,1979,31500000,153,8,61240
Apt Pupil,1998,14000000,111,6,6391
Arachnophobia,1990,31000000,103,6,8203
Arch of Triumph,1948,5000000,120,5,153
Are These Our Children,1931,400000,84,6,25
Arizona,1940,2000000,121,6,63
Arlington Road,1999,21500000,117,7,16340
Armageddon,1998,140000000,150,5,43146
Armed Response,1986,1500000,86,4,67
Army of Darkness,1993,11000000,81,7,20913
Around the World in Eighty Days,1956,6000000,183,6,2472
Arthur,1981,7000000,97,6,4410
Artists and Models,1955,1500000,109,6,410
As Good as It Gets,1997,50000000,139,7,45835
As You Desire Me,1932,460733,70,5,104
Asburied,2002,2000,8,8,7
Asesino en serio,2002,2500000,84,6,77
Assassins,1995,50000000,132,5,6908
Assault of the Killer Bimbos,1988,250000,85,3,146
Aswang,1994,70000,82,4,77
At Close Range,1986,6500000,111,6,1536
At First Sight,1999,40000000,128,5,3290
At Long Last Love,1975,6000000,118,4,179
At Night with No Curtains,2004,8000,87,1,22
Atlantic City,1980,7200000,104,7,2278
Atlantida,2002,1000000,93,7,9
Atlas,1961,70000,79,4,24
Atrapados,1999,3500,26,9,6
Attack of the Crab Monsters,1957,70000,62,3,195
Attack of the Giant Leeches,1959,70000,62,2,382
Aura,2002,19000,22,9,5
Austin Powers in Goldmember,2002,63000000,94,6,21345
Auto Focus,2002,7000000,105,6,3059
Autumn in New York,2000,40000000,103,4,3506
Avalon,2001,8000000,106,6,2507
Avanti popolo,1986,60000,84,8,49
Avatars,2001,20000,5,4,6
Babe,1995,30000000,89,7,16380
Babes in Arms,1939,748000,93,6,216
Babes on Broadway,1941,940068,118,6,161
Baby Blue,2001,2500000,119,6,95
Baby Boy,2001,16000000,130,6,1391
Baby Face,1933,187000,71,6,239
Baby Geniuses,1999,13000000,97,2,3000
Back to the Future,1985,19000000,111,8,65041
Back to the Future Part II,1989,40000000,108,7,26734
Back to the Future Part III,1990,40000000,118,6,23061
Bad Boy Bubby,1993,750000,112,7,977
Bad Boys,1995,23000000,118,6,14299
Bad Boys II,2003,130000000,147,6,11766
Bad Dreams,1988,4000000,84,4,290
Bad Girls from Mars,1991,52000,86,3,48
Bad Moon,1996,7000000,80,4,480
Bad Santa,2003,18000000,91,7,9693
Bad Taste,1987,150000,91,6,6597
Badkonake sefid,1995,150000,85,7,605
Badlands,1973,500000,95,7,4479
Bait,2000,35000000,119,5,1731
Bamboozled,2000,10000000,135,6,2209
Bananas,1971,2000000,82,7,4014
Band of the Hand,1986,8700000,109,4,357
Bandits,2001,80000000,123,6,11628
Barbarella,1968,9000000,98,5,4400
Barbary Coast,1935,778000,91,6,150
Barbershop,2002,12000000,102,6,4558
Barcelona,1994,3200000,101,6,1511
Barry Lyndon,1975,11000000,184,8,11303
Barton Fink,1991,9000000,116,7,9629
Basic,2003,50000000,98,6,7614
Basic Instinct,1992,49000000,123,6,18536
Batman,1989,35000000,126,7,34772
Batman Forever,1995,100000000,122,5,22676
Batman Returns,1992,80000000,126,6,22542
Batoru rowaiaru,2000,4500000,114,7,10765
Battle Beyond the Stars,1980,2000000,104,4,1012
Battle for the Planet of the Apes,1973,1800000,93,4,2216
Battle of Britain,1969,12000000,133,6,1557
Beach Party,1963,350000,101,5,217
Bean,1997,22000000,90,5,8478
Bean Cake,2001,12000,12,6,33
Beat the Devil,1953,1000000,100,6,971
Beat the Drum,2003,1500000,114,7,13
Beautiful,2000,9000000,112,5,949
Beccerra,2002,3000,30,7,14
Becket,1964,3000000,148,7,1483
Becky Sharp,1935,950000,84,6,94
Bedazzled,2000,48000000,93,5,10786
Bedknobs and Broomsticks,1971,20000000,117,6,2437
Beetle Juice,1988,15000000,92,7,19893
Before Sunrise,1995,2500000,105,7,8042
Before Sunset,2004,10000000,80,8,6302
Begotten,1991,33000,78,5,385
Behind Enemy Lines,2001,40000000,106,6,10071
Behold a Pale Horse,1964,3900000,118,6,101
Being Human,1993,30000000,122,4,932
Being John Malkovich,1999,13000000,112,7,52086
Bela Lugosi Meets a Brooklyn Gorilla,1952,50000,74,2,148
Belle of the Nineties,1934,800000,73,6,82
Bells Are Ringing,1960,2203123,127,6,338
Belly,1998,10000000,96,4,956
Belly of the Beast,2003,18000000,91,4,546
Beloved,1998,53000000,172,5,1855
Beneath the Planet of the Apes,1970,3000000,95,5,3420
Benji,1974,500000,86,5,640
Beowulf,1999,20000000,95,3,1951
Best Foot Forward,1943,1125502,94,6,85
Best in Show,2000,6000000,90,7,11244
Best Laid Plans,1999,7000000,92,6,1722
Better Luck Tomorrow,2002,250000,101,7,2519
Beverly Hills Cop,1984,15000000,105,7,15478
Beverly Hills Cop II,1987,20000000,100,5,9861
Beverly Hills Cop III,1994,50000000,104,4,6089
Beyond Atlantis,1973,200000,91,3,44
Beyond Borders,2003,35000000,127,5,1641
Beyond Rangoon,1995,23000000,100,6,1236
Beyond the Mat,1999,500000,102,7,2155
Beyond the Sea,2004,24000000,121,6,727
Beyond the Time Barrier,1960,125000,75,4,75
Beyond the Valley of the Dolls,1970,900000,109,5,1499
Bicentennial Man,1999,100000000,132,6,8274
Big,1988,18000000,104,7,17773
Big Bully,1996,15000000,90,4,735
Big Daddy,1999,34200000,93,5,17105
Big Fat Liar,2002,15000000,88,5,2269
Big Fish,2003,70000000,125,8,27696
Big Jim McLain,1952,826000,90,4,253
Big Trouble,2002,40000000,85,6,3769
Big Trouble in Little China,1986,25000000,99,6,10240
Big Wednesday,1978,11000000,120,6,759
Bikini Beach,1964,600000,99,4,142
Billy Elliot,2000,5000000,110,7,15976
Billy Jack,1971,800000,114,5,939
Biohazard,1984,250000,84,3,39
Bird,1988,9000000,161,7,1140
Birth,2004,20000000,100,6,1290
Birth of the Blues,1941,857283,87,5,44
Birthday Girl,2001,13000000,93,6,4964
Black and White,1999,10000000,98,5,1613
Black Gold,1947,450000,90,5,16
Black Hawk Down,2001,90000000,144,7,30414
Black Hills,1948,414000,60,5,10
Black Knight,2001,50000000,95,4,3537
Black Legion,1937,235000,83,6,204
Black Rain,1989,14000000,125,6,5335
Black Snake,1973,300000,82,3,58
Blade,1998,45000000,120,6,22799
Blade II,2002,55000000,117,6,15775
Blade Runner,1982,28000000,117,8,71455
Blanche Fury,1947,1500000,90,6,66
Blast from the Past,1999,35000000,112,6,9003
Blazing Saddles,1974,2600000,93,7,16348
Bless the Child,2000,40000000,107,5,3628
Blind Husbands,1919,125000,68,7,73
Blitz,2002,5000,28,7,5
Blondie of the Follies,1932,602620,91,5,42
Blood Alley,1955,2000000,115,5,296
Blood and Wine,1996,26000000,101,6,2006
Blood Feast,1963,24500,67,4,487
Blood Money,1933,238591,65,7,20
Blood of the Samurai,2001,2000,75,6,18
Blood Shot,2002,35000,28,6,19
Blotter,2004,15000,20,7,7
Blow,2001,30000000,124,7,17160
Blow Out,1981,18000000,108,7,3335
Blowup,1966,1800000,111,7,3842
Blue Crush,2002,30000000,104,5,4469
Blue Hill Avenue,2001,1200000,120,6,71
Blue in the Face,1995,2000000,83,6,2206
Blue Moon,1998,1000,90,7,22
Blue Skies,1946,3000000,104,6,152
Blue Streak,1999,36000000,93,5,7478
Blue Velvet,1986,6000000,120,7,17633
Boat Trip,2002,20000000,94,4,2625
Body Double,1984,10000000,114,6,3376
Body of Evidence,1993,30000000,99,4,2486
Body Parts,1991,10000000,88,4,571
Bogus,1996,32000000,110,5,935
Boiler Room,2000,9000000,118,6,8101
Bombshell,1933,344000,96,7,264
Bones,2001,16000000,96,4,1331
Bonnie and Clyde,1967,2500000,111,7,12135
Boogie Nights,1997,15000000,152,7,25977
Boom,1968,10000000,113,3,154
Boom Town,1940,2000000,119,6,285
Boomerang,1992,42000000,118,5,3311
Born on the Fourth of July,1989,14000000,145,7,10780
Born to Be Bad,1934,252238,61,5,36
Bottle Rocket,1996,7000000,92,7,6773
Bottomfeeders,2001,500000,92,7,7
Bounce,2000,35000000,106,5,5169
Bound,1996,4500000,108,7,11434
Bound by Honor,1993,35000000,180,7,2278
Bowfinger,1999,55000000,97,6,14220
Bowling for Columbine,2002,4000000,120,8,34321
Boxcar Bertha,1972,600000,92,5,512
Boxed,2002,500000,80,6,7
Boys and Girls,2000,16000000,94,4,3309
Boys Beware,1961,1000,10,5,14
Boys in the Sand,1971,8000,90,7,14
Boys Night Out,1996,30000,34,7,9
Boys on the Side,1995,21000000,115,6,2653
Boyz n the Hood,1991,6000000,107,7,9708
Braindead,1992,3000000,104,7,10810
Brainstorm,1983,15000000,106,6,1875
Braveheart,1995,72000000,177,8,87585
Brazil,1985,15000000,131,8,29326
Break Up,1998,9000000,100,5,382
Breakdown,1997,36000000,95,6,6737
Breakfast of Champions,1999,12000000,110,4,2130
Breaking All the Rules,1985,2032000,91,4,67
Breathing Room,1996,500000,90,4,38
Bride of Chucky,1998,25000000,89,5,4139
Bride of Frankenstein,1935,397000,75,8,4566
Bridge of Dragons,1999,4000000,92,3,342
Brigadoon,1954,2352625,108,6,1083
Brigham City,2001,1000000,119,6,393
Bring It On,2000,10000000,98,6,11056
Bring Me the Head of Alfredo Garcia,1974,1500000,112,7,974
Bringing Down the House,2003,35000000,105,5,6054
Bringing Out the Dead,1999,32000000,121,6,13310
Broadway Bad,1933,239308,61,5,8
Broadway Danny Rose,1984,8000000,84,7,2494
Broken Arrow,1996,65000000,108,5,13713
Broken Blossoms,1919,88000,90,7,741
Broken Lullaby,1932,889154,76,7,63
Broken Vessels,1998,600000,90,5,218
Brother,2000,12000000,114,7,3998
Brown Sugar,2002,8000000,109,5,874
Bruce Almighty,2003,81000000,101,6,21654
Bruno,2000,10000000,108,5,282
Bubble Boy,2001,13000000,84,5,2702
Buck Privates,1941,180000,84,6,339
Budbringeren,1997,2100000,83,6,709
Buddy Buddy,1981,10000000,96,6,700
Buena onda,1999,2000,11,6,8
Buffalo Soldiers,2001,15000000,98,7,3342
Bugsy,1991,40000000,134,6,3961
Bull Durham,1988,7000000,108,7,8067
Bulldog Drummond,1929,550000,90,6,81
Bulletproof,1988,5000000,93,3,150
Bulletproof Monk,2003,52000000,104,5,4944
Bullets Over Broadway,1994,20000000,98,7,6410
Bullitt,1968,5500000,113,7,5770
Bulworth,1998,30000000,108,6,7992
Bumer,2003,700000,110,6,229
Burying Dvorak,2003,5000,19,9,7
Cabaret,1972,6000000,124,7,6727
Cabin in the Sky,1943,662141,98,7,241
Cabiria,1914,210000,162,7,198
Cachimba,2004,950000,127,8,9
Caddyshack,1980,6000000,98,7,12748
Cafe Society,1995,3500000,104,5,135
Caged Heat,1974,180000,83,5,286
Calendar Girl,1993,13000000,90,4,423
California Casanova,1991,350000,90,4,30
Call Her Savage,1932,489652,89,6,84
Calling Bobcat,2000,230000,91,4,39
Callous Sentiment,2002,10000,13,8,10
Camelot,1967,17000000,179,6,1162
Camille,1936,1486000,109,7,631
Camp Slaughter,2004,350000,95,2,158
Canadian Bacon,1995,11000000,91,5,3279
Candyman,1992,8000000,99,6,4458
Cape Fear,1991,35000000,128,7,14646
Cape of Good Hope,2004,3000000,107,9,11
Capricorn One,1978,5000000,123,6,2460
Captain Blood,1935,1200000,119,7,1549
Captain EO,1986,17000000,17,5,523
Captain from Castile,1947,4500000,140,6,164
Captains Courageous,1937,1645000,115,7,1082
Caravans,1978,14000000,127,5,50
Carefree,1938,1253000,83,6,282
Carlos contra el mundo,2002,1000000,91,5,15
Carmen Jones,1954,750000,105,6,494
Carnage,1986,32500,91,2,29
Carnival of Souls,1962,30000,91,7,1678
Carpool,1996,17000000,89,4,792
Carrie,1976,1800000,98,7,11066
Casablanca,1942,950000,102,8,63449
Casino,1995,52000000,178,7,25612
Casino Royale,1967,12000000,131,5,3913
Casper,1995,55000000,100,5,8286
Casshern,2004,6000000,141,6,785
Cast Away,2000,90000000,143,7,32584
Casualties of War,1989,22500000,113,6,4184
Cat on a Hot Tin Roof,1958,3000000,108,7,4608
Cat People,1942,134000,73,7,1165
Catch Me If You Can,1989,800000,106,4,90
Catch Me If You Can,2002,52000000,141,7,36703
Catch That Kid,2004,18000000,91,4,521
Catwoman,2004,85000000,104,3,7025
Cavalcade,1933,1180280,110,6,294
Celebrity,1998,12000000,113,6,4590
Cellar Doors,1989,7000,40,7,23
Cellular,2004,25000000,94,6,3657
Central Airport,1933,356000,72,5,33
Central do Brasil,1998,2900000,113,7,8698
Chacun cherche son chat,1996,300000,91,6,1048
Chafed Elbows,1966,25000,63,2,16
Chain Reaction,1996,55000000,106,5,5610
Chalk,1996,400000,134,8,13
Chan Is Missing,1982,20000,80,6,128
Chance,2002,150000,80,8,406
Chandu the Magician,1932,349456,71,5,69
Changing Habits,1997,1200000,95,5,131
Changing Lanes,2002,45000000,99,6,12021
Chapter Zero,1999,1500000,104,5,45
Charade,1963,4000000,113,8,8620
Chariots of Fire,1981,5500000,123,7,6278
Charlie,2004,5000000,95,4,124
Charlie Chan at Treasure Island,1939,120000,72,7,106
Charlie Chan in Black Magic,1944,75000,67,5,71
Charlie Chan in London,1934,100000,79,6,124
Charlie Chan in Paris,1935,110000,72,6,104
Charlie Chan in The Chinese Cat,1944,75000,65,6,87
Charlie Chan in the Secret Service,1944,75000,63,6,79
Charlotte Sometimes,2002,80000,85,4,528
Charly,2002,950000,103,5,141
Charming Billy,1999,250000,82,5,38
Chasing Amy,1997,250000,111,7,30768
Cheaper by the Dozen,2003,40000000,98,5,5304
Cheetah,1989,5000000,83,5,110
Cherish,2002,1500000,99,6,672
Cherry Falls,2000,14000000,92,4,2045
Cheyenne Autumn,1964,4200000,154,6,520
Chicago,2002,45000000,113,7,32516
Chicken Run,2000,42000000,84,7,24119
Children of the Corn,1984,3000000,93,4,3292
Children On Their Birthdays,2002,10000000,102,6,145
Chill Factor,1999,34000000,101,5,2430
China Lake,1983,3000,34,7,15
Chinatown,1974,6000000,131,8,24352
Chitty Chitty Bang Bang,1968,10000000,144,6,3017
Choke,1999,550000,98,5,65
Christine,1983,9700000,110,5,5348
Christmas with the Kranks,2004,60000000,98,4,1282
Christopher Strong,1933,284000,78,6,146
Chronotrip,2002,10000,74,4,6
Ciao America,2002,5000000,100,4,26
Cidade de Deus,2002,3300000,130,8,22199
Cimarron,1931,1433000,131,6,292
Cinderella,1950,2900000,74,7,5197
Cinderfella,1960,3000000,91,5,384
Circle of Iron,1978,4000000,102,4,345
Circus World,1964,9000000,135,5,197
Citizen Kane,1941,686033,119,8,58856
Citizen Ruth,1996,3000000,102,6,1328
City by the Sea,2002,60000000,108,6,4532
City Hall,1996,40000000,111,6,4129
City Lights,1931,1500000,87,8,7438
City of Angels,1998,55000000,114,6,14576
City of Ghosts,2002,17500000,116,5,762
City of Hope,1991,3000000,129,7,621
City of Industry,1997,8000000,97,5,1205
City on Fire,1979,5300000,104,3,118
Civil Brand,2002,500000,95,3,94
Claire of the Moon,1992,130000,107,3,202
Clash of the Titans,1981,15000000,118,6,3641
Clay Pigeons,1998,8000000,104,6,2507
Clear and Present Danger,1994,65000000,141,6,12470
Clearing the Range,1931,60000,61,4,6
Cleopatra,1917,500000,125,9,22
Cleopatra,1963,44000000,192,6,2456
Cliffhanger,1993,65000000,118,6,11769
Clockers,1995,25000000,128,6,2900
Clockstoppers,2002,26000000,94,5,2403
Close Encounters of the Third Kind,1977,20000000,135,7,25249
Clown Princes,1939,21243,11,6,8
Club Dread,2004,9000000,104,5,2905
Clue,1985,15000000,94,6,8317
Clueless,1995,20000000,97,6,15786
Coil,2001,12000,79,7,11
Cold Heart,2001,3000000,95,4,130
Cold Hearts,1999,900000,90,3,126
Cold Mountain,2003,83000000,152,7,13960
Collateral Damage,2002,85000000,108,5,8044
Color Me Blood Red,1965,50000,79,3,119
Color of Night,1994,40000000,121,4,4389
Combat Shock,1986,40000,85,5,227
Coming to America,1988,28000000,116,6,12292
Command Decision,1948,3700000,112,7,249
Commandments,1997,5000000,88,5,452
Committed,2000,3000000,98,5,700
Company Jasmine,2001,150000,55,8,47
Con Air,1997,75000000,115,6,25206
Conan the Barbarian,1982,20000000,129,6,12887
Condemned,1929,600000,86,5,37
Confessions of a Dangerous Mind,2002,29000000,113,7,10435
Confessions of a Nazi Spy,1939,1500000,104,6,126
Confessions of a Teenage Drama Queen,2004,15000000,89,4,1857
Confidence,2003,15000000,97,6,5619
Congo,1995,50000000,109,4,7751
Conquest,1937,2732000,113,6,155
Conquest of the Planet of the Apes,1972,1700000,88,5,2145
Conspiracy Theory,1997,75000000,135,6,14684
Contact,1997,90000000,153,7,35063
Convention City,1933,239000,69,4,5
Cool as Ice,1991,6000000,100,2,1249
Cop Land,1997,15000000,104,6,11972
Copycat,1995,20000000,123,6,7471
Coquette,1929,489106,76,4,82
Corky Romano,2001,11000000,86,4,2311
Cotton Comes to Harlem,1970,1200000,97,6,186
Cotton Mary,1999,3500000,124,5,149
Courage Under Fire,1996,46000000,117,6,8515
Coyote Ugly,2000,45000000,100,5,12480
CQ,2001,7000000,88,6,1235
Crack in the World,1965,600000,96,5,236
Cradle Will Rock,1999,32000000,132,6,3226
Crank Calls,2002,40000,10,6,21
Crazy in Alabama,1999,15000000,111,6,1992
Creature,1985,4000000,97,3,269
Creepozoids,1987,75000,72,2,144
Creepshow,1982,8000000,120,6,3435
Crimes and Misdemeanors,1989,19000000,107,7,6956
Crimes of the Future,1970,20000,70,4,83
Crimson Tide,1995,53000000,116,7,13394
Crisis,1950,1616455,95,6,181
Critical Care,1997,12000000,107,5,373
Critters,1986,2000000,82,5,2044
Crocodile Dundee in Los Angeles,2001,25000000,92,4,2544
Crooklyn,1994,14000000,115,6,1051
Cross of Iron,1977,6000000,133,7,2389
Crossfire,1947,250000,86,7,556
Crossplot,1969,1000000,96,3,42
Crossroads,2002,12000000,93,3,8011
Cruel Intentions,1999,11000000,97,6,24091
Cry of the Banshee,1970,500000,87,4,161
Cujo,1983,5000000,91,5,2742
Curdled,1996,2309723,88,5,914
Curly Sue,1991,30000000,101,4,1965
Curse of the Puppet Master,1998,250000,90,2,246
Curse of the Queerwolf,1988,10000,90,2,55
Cutaway,2000,9000000,104,5,359
Cutthroat Island,1995,92000000,119,5,3735
Cyborg,1989,2000000,86,3,2179
Cypher,2002,7500000,95,7,2792
Daddy Day Care,2003,60000000,92,5,3424
Dagon,2001,4800000,95,5,1415
Daisy Miller,1974,2000000,91,5,160
Damaged Lives,1933,10000,61,4,12
Dances with Wolves,1990,19000000,180,7,27158
Dancing in September,2000,850000,107,6,156
Dancing Lady,1933,923055,92,6,162
Dangerous Liaisons,1988,14000000,119,7,12071
Dangerous Money,1946,75000,66,5,27
Daredevil,2003,75000000,103,5,20035
Daredevils of the Red Circle,1939,126118,211,7,45
Dark Alibi,1946,75000,61,6,26
Dark Blue,2002,15000000,118,6,3505
Dark City,1998,27000000,100,7,22202
Dark Command,1940,1000000,94,6,281
Dark Manhattan,1937,24900,70,4,11
Dark Star,1974,60000,83,6,3356
Darklands,1997,750000,90,3,100
Darkman,1990,16000000,96,6,5821
Darkness Falls,2003,11000000,86,4,4533
Darling Lili,1970,25000000,136,5,271
Daughter of the Sun,1962,11000,60,1,8
David Searching,1997,22500,101,7,33
Dawn of the Dead,1978,1500000,126,7,11652
Dawn of the Dead,2004,28000000,100,7,14107
Day of Independence,2003,200000,27,1,5
Day of the Animals,1977,1200000,97,4,144
Day of the Dead,1985,3500000,102,6,4593
Day of the Fight,1951,3900,16,6,247
Day the World Ended,1956,96000,79,4,225
Daylight,1996,80000000,115,5,6559
Days of Thunder,1990,60000000,107,5,9182
Dead End,1937,900000,93,7,696
Dead Heat,1988,5000000,86,4,439
Dead Man,1995,9000000,121,7,9391
Dead Man on Campus,1998,14000000,96,5,2679
Dead Man Walking,1995,11000000,122,7,15493
Dead of Night,1974,235000,88,6,175
Dead Poets Society,1989,16400000,128,7,41508
Dead Presidents,1995,15000000,119,6,2470
Dead Ringer,1964,1200000,115,6,403
Deadfall,2000,13000,86,5,24
Deadly Blessing,1981,2500000,100,4,294
Deadly Harvest,1977,250000,87,5,32
Death Becomes Her,1992,55000000,103,5,9340
Death to Smoochy,2002,55000000,109,6,7389
Deathrow Gameshow,1987,200000,83,3,55
Decay,1998,15000,80,6,8
Decision,1995,5000,90,8,6
Deconstructing Harry,1997,20000000,96,7,6996
Decoys,2004,5000000,95,4,475
Deep Blue,2003,5000000,83,7,312
Deep Blue Sea,1999,78000000,105,5,16766
Deep Impact,1998,75000000,120,5,21661
Deep Rising,1998,45000000,106,5,4364
Deep Throat,1972,22000,61,5,1035
Delayed,2002,20000,103,2,15
Deliverance,1972,2000000,109,7,13716
Dellamorte Dellamore,1994,4000000,105,7,2197
Demetrius and the Gladiators,1954,4500000,101,6,351
Demon Knight,1995,12000000,92,6,2093
Demoni,1985,1800000,88,5,1095
Denial,1998,5000000,93,5,270
Derailed,2002,18000000,89,3,996
Dersu Uzala,1975,4000000,141,8,2375
Desecration,1999,150000,88,4,94
Desert Hearts,1985,350000,96,6,585
Desire,1993,1000000,95,4,30
Desperado,1995,7000000,106,6,16764
Desperate Characters,1971,400000,87,5,39
Desperate Living,1977,65000,90,7,559
Desperately Seeking Susan,1985,4500000,104,5,4678
Destino,2003,1500000,7,7,140
Deterrence,1999,800000,101,6,754
Detour,1945,30000,67,7,1045
Detroit Rock City,1999,15000000,95,5,4325
Deuces Wild,2002,10000000,96,5,1431
Devil Dogs of the Air,1935,350000,85,5,40
Dial M for Murder,1954,1400000,105,7,7521
Diamonds Are Forever,1971,7200000,120,6,8271
Dick,1999,13000000,94,6,4785
Dick Tracy,1990,47000000,103,5,9406
Die Another Day,2002,142000000,133,6,20723
Die Hard,1988,28000000,131,8,56639
Die xue jie tou,1990,3500000,136,7,1695
Dill Scallion,1999,500000,91,4,134
Dillinger,1945,193000,70,6,92
Diner,1982,5000000,110,7,3313
Dinner at Eight,1933,435000,113,7,936
Dinosaur,2000,127500000,82,6,5554
Diplomatic Siege,1999,45000000,90,3,326
Dirigible,1931,650000,100,5,45
Dirty Pretty Things,2002,10000000,97,7,5570
Dirty Work,1998,13000000,82,5,3997
Disturbing Behavior,1998,15000000,84,5,4375
Do the Right Thing,1989,6500000,120,7,8742
Doctor Dolittle,1967,18000000,145,5,992
Doctor Dolittle,1998,71500000,85,5,7805
Doctor Zhivago,1965,11000000,197,7,9774
Dogma,1999,10000000,130,7,41076
Domestic Disturbance,2001,53000000,89,5,4165
Dominion,1995,1300000,95,5,84
Don Juan DeMarco,1995,25000000,97,6,6384
Dong er shi er tiao,1997,2000,14,3,10
Donnie Brasco,1997,35000000,127,7,18470
Donnie Darko,2001,4500000,133,8,45652
Doppelganger,1993,3000000,104,4,444
Double Impact,1991,16000000,118,4,2576
Double Indemnity,1944,927262,107,8,11051
Double Jeopardy,1999,40000000,105,5,12939
Double Take,2001,24000000,88,4,1441
Double Tap,1997,8000000,87,5,179
Down and Out with the Dolls,2001,1200000,88,6,36
Down by Law,1986,1100000,107,7,4209
Down Time,2001,20000,90,6,50
Down to Earth,2001,30000000,87,5,3494
Down to You,2000,9000000,91,4,3087
Downtime,1985,16000,62,4,6
Dracula,1992,40000000,128,7,18750
Dragnet,1954,500000,88,6,109
Dragonfly,2002,60000000,104,5,5060
Dragonslayer,1981,18000000,108,6,1864
Dragonwyck,1946,1900000,103,6,201
Dragstrip Girl,1957,100000,69,4,14
Dream with the Fishes,1997,1000000,97,6,605
Dreamcatcher,2003,68000000,136,5,9471
Dressed to Kill,1980,6500000,105,6,3285
Drive,1997,3500000,100,6,1022
Drive Me Crazy,1999,8000000,91,5,2789
Driven,2001,72000000,116,4,6701
Driving Miss Daisy,1989,7500000,99,7,8185
Drop Back Ten,2000,600000,93,4,27
Drop Squad,1994,2000000,86,3,143
Drop Zone,1994,45000000,101,5,2941
Drowning Mona,2000,16000000,95,5,3265
Drugstore Cowboy,1989,2500000,100,7,4793
Drum,2004,3600,94,3,18
Drumline,2002,20000000,118,5,6735
Du Barry Was a Lady,1943,1239222,101,6,116
Due occhi diabolici,1990,9000000,120,5,492
Duel at Apache Wells,1957,150000,69,5,12
Duel in the Sun,1946,8000000,138,7,778
Duets,2000,15000000,112,5,2313
Dumbo,1941,950000,64,7,6266
Dune,1984,45000000,137,6,16124
Duplex,2003,40000000,89,5,3751
Earth Girls Are Easy,1988,10000000,100,5,3766
Earthquake,1974,7000000,123,5,1994
East of Hope Street,1998,100000,88,5,12
Easter Parade,1948,2503654,107,7,888
Easy Rider,1969,340000,94,7,9527
Eating Out,2004,50000,90,7,131
Eating Raoul,1982,350000,90,6,1287
Eban and Charley,2000,30000,86,4,96
Ed and His Dead Mother,1993,1800000,93,5,395
Ed Mort,1997,1500000,102,6,70
Ed Wood,1994,18000000,127,8,22090
Eddie,1996,30000000,100,5,1283
Edge of Eternity,1959,700000,80,5,43
Edtv,1999,60000000,122,6,9581
Edward Scissorhands,1990,20000000,105,7,24869
Eegah,1962,15000,90,1,1179
Ehad Mishelanu,1989,500000,110,7,29
Eight Legged Freaks,2002,30000000,99,5,5957
Eight Men Out,1988,6000000,119,7,3486
El Cid,1961,8000000,182,7,1331
Election,1999,8500000,103,7,16653
Elephant,2003,3000000,81,7,8057
Elf,2003,33000000,95,7,9029
Elizabeth,1998,25000000,124,7,14150
Ella Enchanted,2004,35000000,96,6,2042
Elmer Gantry,1960,3000000,146,7,1681
Embrace of the Vampire,1994,800000,92,4,1469
Emma,1996,6000000,121,6,6166
Empire,2002,3500000,90,5,1603
Empire of the Sun,1987,38000000,154,7,9318
End of Days,1999,83000000,121,5,17427
Enemy at the Gates,2001,70000000,131,7,17853
Enemy of the State,1998,90000000,131,7,21975
Enough,2002,38000000,115,4,4026
Enter the Dragon,1973,850000,98,7,7538
Entrapment,1999,66000000,113,6,17568
Equilibrium,2002,20000000,107,7,15792
Eraser,1996,100000000,115,5,13915
Eraserhead,1977,10000,89,7,6710
Erin Brockovich,2000,51000000,130,7,23091
Ernest Goes to Camp,1987,3000000,92,4,1462
Ernest Rides Again,1993,7000000,96,3,238
Ernest Saves Christmas,1988,6000000,95,4,1064
Erotica,1961,4000,68,2,14
Escanaba in da Moonlight,2001,1000000,91,5,360
Escape from Chernobourg,1999,2000,75,3,18
Escape from New York,1981,6000000,99,6,9303
Escape from the Planet of the Apes,1971,2500000,98,5,2812
Eskimo,1933,950000,117,6,27
Eternal Sunshine of the Spotless Mind,2004,20000000,108,8,36913
Eulogy,2004,10000000,91,7,197
EuroTrip,2004,25000000,90,6,6645
Evelyn,2002,10000000,94,7,1039
Even Cowgirls Get the Blues,1993,8000000,101,4,1524
EvenHand,2002,500000,92,7,145
Event Horizon,1997,60000000,96,5,14719
Ever After,1998,26000000,121,7,9759
Ever in My Heart,1933,243000,68,5,33
Evergon,2002,20000,32,7,21
Everyone Says I Love You,1996,20000000,101,6,7028
Everything Put Together,2000,500000,87,7,138
Evil Dead II,1987,3000000,85,7,14773
Evita,1996,55000000,134,6,8057
Evolution,2001,80000000,101,5,13251
Excessive Force,1993,13000000,90,4,200
Executive Decision,1996,55000000,134,6,7275
Exit Wounds,2001,33000000,101,5,5033
Exodus,1960,4000000,208,6,1061
Expiration,2003,50000,102,6,198
Exquisite Corpse,2004,3500,60,8,16
Extreme Measures,1996,38000000,118,5,3225
Extreme Ops,2002,40000000,93,3,1239
Eye for an Eye,1996,20000000,101,5,1755
Eye of the Beholder,1999,15000000,109,4,5308
Eyes of Laura Mars,1978,7000000,104,5,1116
Eyes Wide Shut,1999,65000000,159,7,35862
Facade,2000,6000000,93,4,89
Faces,1968,275000,130,7,697
Fair Game,1995,50000000,91,3,2442
Fair Wind to Java,1953,1250000,92,5,41
Faithful,1996,13000000,91,5,397
Faithless,1932,203420,77,6,38
Fake ID,2003,100000,86,3,34
Falasha,1983,300000,79,2,50
Fall,1997,1000000,93,5,470
Fall,2000,2000000,97,1,240
Falling Words,1997,8000,19,8,8
Family Plot,1976,3000000,121,6,2074
Fando y Lis,1967,100000,93,6,197
Fantasia,1940,2280000,120,7,14275
Far and Away,1992,30000000,140,6,8045
Far from Heaven,2002,13500000,107,7,8597
Fargo,1996,7000000,98,8,62467
Fast Food High,2003,4500000,92,5,17
Fast Times at Ridgemont High,1982,4500000,90,7,9794
Fatal Attraction,1987,14000000,123,6,8126
Father of the Bride Part II,1995,30000000,106,5,3840
Fear and Desire,1953,20000,68,6,201
Fear and Loathing in Las Vegas,1998,18500000,118,7,19548
Fear of the Dark,2001,30000,150,5,8
FearDotCom,2002,42000000,101,3,4703
Federal Hill,1994,80000,97,5,131
Feet First,1930,647000,93,6,71
Female,1933,286000,60,6,111
Female Trouble,1974,25000,89,7,818
Femme Fatale,2002,35000000,114,6,5687
Feng yun xiong ba tian xia,1998,10000000,128,6,873
Festen,1998,1300000,105,8,11431
Fever Pitch,2001,25000,27,4,34
Fiddler on the Roof,1971,9000000,181,7,5601
Fight Club,1999,63000000,139,8,105247
Fighting Coast Guard,1951,532111,86,6,14
Fighting Mad,1976,600000,90,5,54
Film School Confidential,2002,75000,82,6,16
Final,2001,80000,111,4,300
Final Destination,2000,23000000,98,6,15567
Final Solution,2001,1500000,110,7,30
Finding Forrester,2000,43000000,136,7,12778
Finding Graceland,1998,10000000,97,6,489
Firestarter,1984,15000000,114,5,2670
Firestorm,1998,19000000,89,4,920
First Blood,1982,14000000,97,6,11059
First Knight,1995,75000000,134,5,8278
Fish in a Barrel,2001,200000,85,5,56
Five Graves to Cairo,1943,855000,96,7,335
Fiza,2000,1000000,170,7,119
Flame of Barbary Coast,1945,600000,91,5,117
Flash Gordon,1980,35000000,111,5,5334
Flawless,1999,27000000,112,6,3101
Flesh,1968,4000,105,5,267
Flesh Suitcase,1995,1000000,90,5,28
Flesheater,1988,60000,88,4,95
Flight of the Phoenix,2004,45000000,113,6,742
Flip,2004,8000,15,9,9
Flirting with Disaster,1996,7000000,92,7,3783
Flossin,2001,86000,78,9,6
Flying Down to Rio,1933,462000,89,6,365
Follow Me Home,1996,220000,100,7,48
Follow Me Outside,2000,1000000,94,4,12
Follow the Fleet,1936,747000,110,7,338
Following,1998,6000,69,7,2972
Fomlesen i kattepine,1999,2400000,83,4,16
Food of the Gods II,1989,3500000,91,2,162
Foolish Wives,1922,1100000,117,7,183
Footlight Parade,1933,703000,104,7,363
For Love of the Game,1999,50000000,137,6,5515
For Me and My Gal,1942,802000,104,6,299
For Whom the Bell Tolls,1943,3000000,170,7,1002
For Your Eyes Only,1981,28000000,127,6,7633
Forbidden Planet,1956,1900000,98,7,6447
Forced March,1989,2700000,104,4,16
Foreign Correspondents,1999,500000,102,7,113
Forever Amber,1947,6000000,138,6,139
Forrest Gump,1994,55000000,142,8,85292
Fort Apache,1948,2500000,125,7,1753
Fortress,1993,12000000,95,5,2421
Four Dead Batteries,2004,77000,96,8,18
Four Rooms,1995,4000000,98,6,9991
Four Weddings and a Funeral,1994,6000000,117,7,16981
Frailty,2001,11000000,100,7,9820
Francis,1950,150000,91,6,150
Frankenhooker,1990,2500000,85,4,486
Frankenstein,1931,291000,71,7,5650
Frankenstein,1994,45000000,123,6,6505
Frankie and Johnny,1966,4500000,87,5,188
Freaked,1993,11000000,86,5,845
Freaks,1932,310607,64,7,3854
Freaky Friday,2003,26000000,97,7,7323
Freddy Got Fingered,2001,15000000,87,3,8555
Free Money,1998,30000000,91,4,577
Freedom Downtime,2001,25000,121,8,203
Freeway,1996,3000000,110,6,4725
Frei parken,1998,2000,7,5,7
Freighters of Destiny,1931,39000,57,5,15
Frenzy,1972,3500000,116,7,3438
Frequency,2000,31000000,118,7,14556
Freud,1962,4000000,139,6,187
Freud and Darwin Sitting in a Tree,2000,17000,27,8,9
Frida,2002,12000000,123,7,7984
Friday,1995,3500000,91,6,6610
Friday After Next,2002,20000000,85,4,1496
Fright Night,1985,9000000,106,6,3402
Frisco Jenny,1932,286000,73,6,35
Fritz the Cat,1972,1000000,78,5,1046
From Beyond,1986,4500000,85,5,837
From Dusk Till Dawn,1996,20000000,108,6,26857
From Hell,2001,35000000,122,6,16026
From Here to Eternity,1953,1650000,118,7,5692
From Justin to Kelly,2003,12000000,81,1,6626
From Russia with Love,1963,2000000,115,7,9752
Fukkatsu no hi,1980,16000000,155,5,129
Full Clip,2004,500000,95,4,55
Full Frontal,2002,2000000,101,5,2879
Full Metal Jacket,1987,30000000,116,8,45023
Fun with Dick and Jane,1977,3000000,95,6,478
Funny Face,1957,3000000,103,7,1550
Funny Girl,1968,14100000,151,7,1668
Galaxy of the Dinosaurs,1992,1250,65,1,17
Galaxy Quest,1999,45000000,102,7,21131
Gallavants,1984,5000000,100,8,9
Gandhi,1982,22000000,188,8,14989
Gangs of New York,2002,97000000,166,7,32075
Gangster Story,1960,75000,65,4,21
Ganz und gar,2003,1400000,95,8,93
Garage Days,2002,6000000,105,5,519
Garden State,2004,2500000,109,8,17799
Garfield,2004,50000000,80,4,4022
Gattaca,1997,36000000,101,7,24454
Gentlemen Prefer Blondes,1928,352000,75,7,13
George of the Jungle,1997,55000000,92,5,6075
Gerry,2002,3500000,103,5,1751
Get a Job,1998,750000,93,2,20
Get Carter,2000,40000000,102,4,4611
Get on the Bus,1996,2400000,120,6,1081
Get Over It,2001,10000000,87,5,3350
Get Shorty,1995,30250000,105,7,13469
Gettysburg,1993,25000000,261,7,4940
Ghost,1990,22000000,128,6,18039
Ghost Busters,1984,30000000,107,7,28243
Ghost Ship,2002,35000000,91,5,7756
Ghost Town,1956,100000,77,4,10
Ghost World,2000,7000000,111,7,16926
Ghostbite,1996,250000,76,3,14
Ghosts of Mars,2001,28000000,98,4,5993
Ghosts of Mississippi,1996,36000000,130,6,2143
Ghoulies,1985,1000000,82,3,564
Giant,1956,5400000,201,7,3976
Gigi,1958,3319355,119,7,1835
Gigli,2003,54000000,121,2,11233
Ginger Snaps,2000,5000000,108,6,3606
Girl Crazy,1943,1140850,99,6,172
Girl Missing,1933,107000,69,6,31
Gladiator,2000,103000000,155,8,87106
Glitter,2001,22000000,104,2,5649
Gloria,1999,30000000,108,4,1094
Glory,1989,18000000,122,8,20894
Go,1999,6500000,103,7,19828
Go Fish,1994,15000,84,5,592
Goat on Fire and Smiling Fish,1999,40000,90,6,248
Gods and Generals,2003,56000000,231,5,2796
Gods and Monsters,1998,3500000,105,7,8693
Godspell,1973,1300000,103,5,557
Godzilla,1998,125000000,140,4,21735
Gog,1954,250000,85,4,66
Going Hollywood,1933,914000,78,6,98
Gojira,1954,1000000,98,6,1022
Gold Raiders,1951,50000,56,5,16
Golden Earrings,1947,1000000,95,6,115
GoldenEye,1995,80000000,130,6,21772
Goldfinger,1964,3000000,112,7,18889
Gone in Sixty Seconds,2000,90000000,117,5,23940
Gone with the Wind,1939,3900000,238,8,27414
Good Burger,1997,9000000,103,4,1541
Good News,1947,1662718,93,7,199
Good to Go,1986,1500000,90,3,15
Good Will Hunting,1997,10000000,126,7,58247
Goodfellas,1990,25000000,145,8,63911
Gosford Park,2001,15000000,137,7,15857
Gossip,1953,1000,10,4,5
Gothika,2003,40000000,98,5,9519
Grace of My Heart,1996,5000000,116,6,941
Grand Hotel,1932,700000,112,7,1676
Grand Prix,1966,9000000,179,6,917
Grand Slam,1933,164000,67,5,41
Grand Theft Auto,1977,602000,84,5,239
Gravesend,1997,65000,85,4,108
Graveyard Shift,1990,10500000,89,3,997
Grease,1978,6000000,110,6,21077
Green Fields,1937,8000,99,6,25
Greetings,1968,39000,88,5,305
Gremlins,1984,11000000,106,6,14245
Grimm,2003,3700000,103,6,165
Grizzly,1976,750000,97,4,215
Groom Lake,2002,750000,92,3,84
Groove,2000,1500000,86,6,1125
Grosse Pointe Blank,1997,15000000,107,7,19562
Grumpier Old Men,1995,25000000,101,6,3515
Guerra de Canudos,1997,6000000,170,7,122
Guinevere,1999,2600000,104,6,769
Gun Shy,2000,10000000,101,5,1609
Guncrazy,1992,800000,97,5,406
Gunga Din,1939,1910000,117,7,1802
Gunsmoke Ranch,1937,35000,53,5,8
Guys and Dolls,1955,5500000,150,7,1853
Gypsy,1962,4000000,143,7,637
Hacks,2002,200000,93,8,51
Hair,1979,11000000,121,6,4019
Hairspray,1988,2000000,92,6,2627
Half Past Dead,2002,30000000,98,3,1924
Halloween,1978,325000,91,7,18200
Halloween II,1981,2500000,92,5,4837
Hamlet,1996,18000000,242,7,9715
Hanging Up,2000,40000000,94,4,2984
Hannah and Her Sisters,1986,6400000,103,7,7229
Hannibal,2001,87000000,131,6,27286
Hans Christian Andersen,1952,4000000,112,6,446
Happiness,1998,3000000,134,7,11140
Happy Gilmore,1996,10000000,92,6,16664
Hard Ball,2001,21000000,106,6,2866
Hard Feelings,1982,4000000,105,6,7
Hard Rain,1998,70000000,97,5,5819
Hard to Handle,1933,189000,78,6,57
Hardware,1990,1500000,93,5,1263
Harold and Maude,1971,1200000,91,7,8730
Harper,1966,3500000,121,7,606
Harriet the Spy,1996,13000000,100,5,781
Harry Potter and the Chamber of Secrets,2002,100000000,161,7,35649
Harry Potter and the Prisoner of Azkaban,2004,130000000,141,7,22130
Harvard Man,2001,5500000,99,4,1074
Hatred of a Minute,2002,300000,83,5,86
Hav Plenty,1997,650000,92,5,246
Hawaii,1966,15000000,189,6,417
He Got Game,1998,25000000,136,6,3894
Head,1968,750000,86,6,1079
Head Over Heels,2001,14000000,86,4,2491
Heart of the North,1938,400000,83,5,10
Heartbeeps,1981,10000000,79,4,224
Heartbreakers,2001,40000000,123,6,7563
Hearts in Atlantis,2001,31000000,101,6,6217
Heat,1995,60000000,171,7,41462
Heat and Sunlight,1987,90000,98,4,17
Heaven,2002,11000000,96,7,3577
Heavenly Creatures,1994,5000000,99,7,10881
Heavy Metal,1981,9300000,86,6,4386
Hedwig and the Angry Inch,2001,6000000,95,7,5754
Held for Ransom,2000,5000000,88,4,130
Held Up,1999,8000000,89,4,520
Hell Is for Heroes,1962,2500000,90,7,571
Hell to Eternity,1960,800000,131,6,113
Hellboy,2004,66000000,122,6,13424
Henry V,1989,9000000,137,7,7971
Her Urge,2000,20000,15,5,10
Hercules,1997,70000000,92,6,4946
Here Comes the Groom,1951,2117000,113,5,106
Here on Earth,2000,15000000,96,4,2078
Hero,1992,42000000,117,6,4458
Heroes for Sale,1933,290000,76,6,62
Hidalgo,2004,78000000,136,6,6388
Hidden Assassin,1995,11000000,104,4,234
Hideaway,1995,15000000,106,5,1247
Hideous Kinky,1998,12000000,98,6,1533
High Anxiety,1977,3400000,94,6,2430
High Crimes,2002,42000000,115,6,5672
High Fidelity,2000,20000000,113,7,28218
High Noon,1952,730000,85,8,11919
High Sierra,1941,455000,100,7,1526
High Strung,1994,300000,93,6,365
Highlander,1986,16000000,116,7,17370
Highway to Hell,1992,9000000,94,5,390
His People,1925,93000,93,6,6
Hit and Runway,1999,1200000,108,6,179
Hit List,1989,1500000,87,5,55
Hocus Pocus,1993,28000000,96,5,3036
Hold That Ghost,1941,190000,86,7,367
Hold Your Man,1933,260000,87,6,148
Holes,2003,30000000,117,7,4833
Holiday Inn,1942,3200000,100,7,1083
Hollow Man,2000,95000000,112,5,15743
Hollywood Boulevard,1976,60000,83,4,107
Hollywood Cavalcade,1939,2000000,97,6,39
Hollywood Chainsaw Hookers,1988,23000,75,4,225
Hollywood Ending,2002,16000000,112,6,3415
Hollywood Homicide,2003,75000000,116,5,4802
Hollywood Shuffle,1987,100000,78,6,571
Holy Man,1998,60000000,114,4,3297
Home Alone,1990,15000000,103,6,20363
Home Fries,1998,15000000,91,4,2275
Home Movies,1979,400000,90,4,100
Home on the Range,2004,110000000,76,5,1237
Honey,2003,17000000,94,3,2684
Hong faan kui,1995,7500000,104,6,4424
Honky Tonk Freeway,1981,24000000,107,4,195
Hook,1991,70000000,144,5,18122
Hoop Dreams,1994,700000,170,7,4461
Hope Floats,1998,30000000,114,5,4206
Hopscotch,2004,1000,7,9,5
Hot Wax Zombies On Wheels,1999,160000,88,2,51
Hour of the Gun,1967,1800000,100,6,217
House,1986,3000000,93,5,1556
House of Dark Shadows,1970,750000,97,5,311
House of the Dead,2003,7000000,90,2,3314
House of Usher,1960,270000,79,6,964
House of Wax,1953,658000,90,6,1248
House on Haunted Hill,1959,200000,75,6,1479
House on Haunted Hill,1999,19000000,93,5,9163
How Green Was My Valley,1941,1250000,118,7,2513
How High,2001,12000000,93,4,2625
How I Saved the World,2001,40000,18,7,6
How Stella Got Her Groove Back,1998,20000000,124,5,1389
How the Grinch Stole Christmas,2000,123000000,104,5,11910
How the West Was Won,1962,14000000,162,6,1901
How to Steal a Million,1966,6000000,123,7,1539
Howard the Duck,1986,30000000,110,3,6322
Hsi yen,1993,1000000,106,7,2225
Hud,1963,2500000,112,7,2312
Hudson Hawk,1991,65000000,100,5,8426
Hukkle,2002,100000,75,6,399
Hungry Wives,1973,120000,130,4,186
Hurricane,1997,500000,86,6,408
Husbands,1970,1000000,154,6,349
Husbands and Wives,1992,20000000,108,7,3422
Hustlas,2002,1000000,90,5,5
I Am Sam,2001,22000000,132,7,9029
I Capture the Castle,2003,8000000,113,6,869
I Cover the War,1937,70000,68,4,16
I Dreamed of Africa,2000,34000000,114,5,1067
I Got the Hook Up,1998,3500000,93,3,393
I Heart Huckabees,2004,20000000,106,7,3472
I Know What You Did Last Summer,1997,17000000,100,5,15273
I Married a Monster from Outer Space,1958,175000,78,6,272
I Spy,2002,70000000,97,5,5121
I Still Know What You Did Last Summer,1998,24000000,100,4,9095
I Wanna Hold Your Hand,1978,2700000,104,6,503
I Was a Teenage Werewolf,1957,82000,76,4,360
Ice Age,2002,60000000,81,7,20471
Ice Cream Man,1995,2000000,84,4,326
Identity,2003,30000000,90,7,17126
Igby Goes Down,2002,9000000,97,7,7396
Imitation of Life,1959,2000000,125,7,1358
Impostor,2002,40000000,95,5,3067
In Cold Blood,1967,3500000,134,8,2271
In Dreams,1999,30000000,98,5,3516
In Old Amarillo,1951,184686,67,5,6
In Old Chicago,1937,1800000,96,7,138
In Person,1935,493000,87,5,42
In the Bedroom,2001,1700000,130,7,9765
In the Company of Men,1997,25000,97,7,3480
In the Cut,2003,12000000,119,5,3991
In the French Style,1963,750000,105,5,9
In the Heat of the Night,1967,2000000,109,8,6405
In the Line of Fire,1993,40000000,128,7,12348
In the Mouth of Madness,1995,14000000,95,6,4598
In the Shadows,2001,10000000,105,4,259
In the Woods,1999,252000,90,1,246
In This World,2002,1900000,88,7,715
In Too Deep,1999,7000000,95,5,931
Incident at Loch Ness,2004,1400000,94,6,106
Indecent Proposal,1993,38000000,117,5,6995
Independence Day,1996,75000000,145,6,59097
Indiana Jones and the Last Crusade,1989,48000000,127,8,59377
Indiana Jones and the Temple of Doom,1984,28000000,118,7,32740
Inferno,1980,3000000,107,6,1146
Innocent,2001,25000,16,7,8
Inside,2002,5000,8,7,29
Inside Daisy Clover,1965,4500000,128,6,323
Insight of Evil,2003,120000,80,4,9
Insomnia,2002,46000000,118,7,20800
Inspector Gadget,1999,75000000,78,4,5019
Inspiration,1931,438000,74,5,64
Instinct,1999,55000000,126,6,5985
Interiors,1978,10000000,93,7,1611
Intermission,2003,5000000,105,6,1608
Interview with the Assassin,2002,750000,88,6,385
Intruder,1988,100000,83,5,245
Invaders from Mars,1986,12000000,100,4,623
Invasion of the Blood Farmers,1972,40000,84,2,86
Invasion of the Body Snatchers,1956,417000,80,7,4956
Invasion of the Space Preachers,1990,100000,100,4,26
Invasion USA,1952,127000,73,3,117
Invisible Agent,1942,322000,81,5,61
Invisible Stripes,1939,500000,81,6,105
Invitation to the Dance,1956,1500000,93,6,77
Invitation to the Wedding,1985,8000000,90,4,5
Irma la Douce,1963,5000000,147,7,1816
Ish HaHashmal,2003,900000,90,4,6
Ishtar,1987,40000000,107,3,3374
Island in the Sky,1953,967000,109,5,92
Island in the Sun,1957,2250000,119,5,94
It Came from Hollywood,1982,5000000,80,5,230
It Came from Outer Space,1953,800000,81,6,720
It Happened One Night,1934,325000,105,8,7589
Jabberwocky,1977,500000,105,6,1972
Jack,1996,45000000,113,5,4881
Jack and the Beanstalk,1952,683000,78,5,243
Jack Frost,1998,50000000,101,4,1998
Jack of Diamonds,2001,1500000,84,1,6
Jackie Brown,1997,12000000,151,7,26856
Jackpot,2001,400000,97,4,202
Jade,1995,50000000,95,4,2279
Jakob the Liar,1999,15000000,120,5,2388
James and the Giant Peach,1996,38000000,79,6,2935
Jason and the Argonauts,1963,1000000,104,7,2262
Jason X,2001,14000000,93,4,5557
Jaws,1975,12000000,124,8,44632
Jay and Silent Bob Strike Back,2001,22000000,104,6,22771
Jeepers Creepers,2001,10000000,90,5,10321
Jefferson in Paris,1995,14000000,139,5,633
Jerry and Tom,1998,5000000,106,6,426
Jerry Maguire,1996,50000000,138,7,33020
Jersey Girl,2004,35000000,102,6,5598
Jesse James,1939,1600000,106,7,340
Jesus,1979,6000000,117,5,298
Jet Attack,1958,100000,68,3,32
Jezebel,1938,1250000,104,7,1081
JFK,1991,40000000,189,7,25660
Jimmy Hollywood,1994,20000000,112,5,705
Jing wu men,1972,100000,110,6,1508
Jingle All the Way,1996,60000000,88,4,5837
Jisatsu circle,2002,250000,99,6,1112
Jitterbugs,1943,310600,75,5,68
Jizda,1994,30000,90,7,189
Joe Dirt,2001,16000000,91,5,5092
Joe Somebody,2001,38000000,98,5,1810
John Q,2002,36000000,116,6,8216
Johnson Family Vacation,2004,12000000,97,3,712
Josh Jarman,2004,1300000,96,8,12
Josie and the Pussycats,2001,22000000,98,5,4250
Journey to the Seventh Planet,1962,74600,77,4,112
Joy,1983,2000000,102,5,48
Joy Ride,2001,23000000,97,6,7546
Judge Dredd,1995,90000000,96,4,9431
Judgment,2001,11000000,105,4,99
Judgment at Nuremberg,1961,3000000,186,8,3183
Jui kuen II,1994,2000000,102,7,4355
Jumanji,1995,65000000,104,6,13958
Jungle Fever,1991,14000000,132,6,2662
Junior,1985,350000,87,3,56
Jurassic Park,1993,63000000,127,7,54601
Jurassic Park III,2001,93000000,92,5,19438
Just Imagine,1930,250000,102,5,91
Just Looking,1999,3000000,97,6,411
Just Visiting,2001,40000000,88,5,2061
Kafka,1991,11000000,98,6,1655
Kagemusha,1980,6000000,179,7,3205
Kalifornia,1993,9000000,117,6,7650
Kangaroo Jack,2003,60000000,89,3,3396
Kansas City,1996,19000000,116,5,1021
Karakter,1997,4500000,122,7,2561
Keeping the Faith,2000,30000000,128,6,10780
Khwaab,2004,75000,90,8,5
Kicked in the Head,1997,4000000,87,4,255
Kids,1995,1500000,91,6,8524
Kiki,1931,810568,87,6,6
Kill Me Again,1989,4000000,94,6,618
Killer Klowns from Outer Space,1988,2000000,88,5,2527
Killer of Sheep,1977,100000,83,7,95
Killers,1997,100000,86,2,125
Killing Me Softly,2002,25000000,100,5,1623
Killing Zoe,1994,1500000,96,6,4543
Kimberly,1999,2000000,106,5,209
King Arthur,2004,90000000,126,5,11683
King Kong,1933,670000,100,7,9856
King Kong,1976,24000000,134,5,3039
King of the Hill,1993,8000000,109,7,1187
King of the Mountain,1981,2000000,90,3,47
Kingdom of the Spiders,1977,500000,97,5,447
Kingdom of the Vampire,1991,2500,70,6,7
Kingpin,1996,25000000,113,6,10042
Kinsey,2004,11000000,118,7,1872
Kismet,1944,3000000,100,6,93
Kismet,1955,2692960,113,5,187
Kiss of the Dragon,2001,25000000,98,6,7467
Kiss of the Tarantula,1976,200000,85,3,20
Kiss or Kill,1997,2000000,96,6,570
Kiss the Blood Off My Hands,1948,1100000,79,5,55
Kiss the Girls,1997,27000000,111,6,8572
Kissing Jessica Stein,2001,1000000,97,7,4041
Knock Off,1998,35000000,91,3,1855
Konga,1961,500000,90,3,116
Krasnaya palatka,1971,10000000,195,5,189
Kronos,1957,160000,78,5,244
Kronos,1974,400000,91,6,420
Kruimeltje,1999,5000000,119,6,215
Krush Groove,1985,3000000,97,5,244
Kundun,1997,28000000,128,7,4105
Lady and the Tramp,1955,4000000,75,7,6620
Lady Be Good,1941,863460,112,6,75
Lady in White,1988,4700000,112,6,618
Lady of the Lake,1998,60000,82,4,45
Ladyhawke,1985,20000000,121,6,6782
Lake Placid,1999,27000000,82,5,7411
Las Vegas Weekend,1986,2000000,83,1,8
Lashou shentan,1992,4500000,126,7,6195
Last Action Hero,1993,60000000,130,5,14436
Last Breeze of Summer,1991,60000,30,7,5
Last Man Standing,1996,67000000,101,5,6330
Last Orders,2001,12000000,109,7,1457
Lawn Dogs,1997,8000000,101,7,1760
Lawrence of Arabia,1962,15000000,216,8,30562
Laws of Attraction,2004,28000000,90,5,1904
Laws of Gravity,1992,38000,100,6,267
Leather Jacket Love Story,1997,67000,85,6,103
Leaving Las Vegas,1995,4000000,111,7,17186
Legal Eagles,1986,35000000,116,5,2029
Legally Blonde,2001,18000000,96,6,16503
Legend,1985,25000000,94,6,7338
Legends of the Fall,1994,30000000,133,6,12467
Legion of the Dead,2001,2700000,89,3,360
Legionnaire,1998,35000000,98,4,1645
Leprechaun,1993,1000000,92,3,2178
Less Like Me,2004,30000,112,9,5
Lethal Weapon,1987,15000000,110,7,19027
Levity,2003,7500000,100,6,1288
Leylasede,1995,700000,100,6,29
Lianna,1983,300000,110,6,241
Liar Liar,1997,45000000,86,6,21642
Libera me,2000,4000000,119,6,54
Liberata Me,2002,66000,27,7,14
Liberty Stands Still,2002,11000000,92,5,1406
Licence to Kill,1989,40000000,133,6,8007
License to Drive,1988,8000000,88,5,2020
Life,1999,75000000,108,5,4464
Life as a House,2001,18000000,125,7,7220
Life of Brian,1979,4000000,94,8,32381
Lifeforce,1985,25000000,116,5,1972
Light in the Piazza,1962,553280,102,6,148
Light It Up,1999,13000000,99,5,805
Light Sleeper,1992,5000000,103,6,703
Lightning Over Water,1980,700000,91,6,118
Lights of New York,1928,75000,57,5,57
Like Mike,2002,30000000,99,4,1370
Lilies of the Field,1963,240000,94,7,1302
Limbo,1999,8300000,126,7,1997
Lionheart,1990,2500000,105,5,1976
Liquid Lips,1976,12000,73,6,10
Little Boy Lost,1978,395000,90,4,16
Little Nellie Kelly,1940,665300,98,6,65
Little Nicky,2000,80000000,90,4,8741
Little Odessa,1994,2300000,98,6,1165
Little Secrets,2001,2500000,96,6,420
Little Shop of Horrors,1986,30000000,94,6,8466
Little Women,1933,424000,117,7,933
Live and Let Die,1973,7000000,121,6,7582
Living In Missouri,2001,10000,90,8,14
Living Out Loud,1998,12000000,100,6,1710
Lolita,1962,2000000,152,7,8594
Lolita,1997,58000000,137,6,5440
Lone Star,1996,5000000,135,7,8289
Lone Wolf McQuade,1983,5000000,105,5,674
Lorna,1964,60000,78,5,126
Loser,1996,38000,85,7,69
Loser,2000,20000000,98,5,4905
Losing Isaiah,1995,17000000,111,6,724
Lost Boundaries,1949,250000,99,6,14
Lost Highway,1997,15000000,135,7,15017
Lost Horizon,1937,2000000,132,7,1989
Lost Horizon,1973,12000000,150,4,405
Lost in Alaska,1952,672000,76,5,75
Lost in Space,1998,80000000,130,4,14637
Lost in Translation,2003,4000000,102,8,37968
Lost Souls,2000,28000000,97,4,3258
Louisiana Story,1948,258000,78,7,135
Love and Death,1975,3000000,85,7,3963
Love and Other Catastrophes,1996,250000,76,6,755
Love Disease,2000,60000,108,8,45
Love in the Afternoon,1957,2100000,130,7,1042
Love Letters,1984,550000,98,6,151
Love Liza,2002,1000000,90,6,1461
Love Me Tender,1956,1000000,89,5,403
Love Stinks,1999,4000000,94,5,1240
Love Story,1970,2200000,99,6,2671
Lover Girl,1997,1000000,87,5,95
Lucky Break,2001,6000000,107,6,660
Lucky Lady,1975,13000000,118,4,216
Lucky Numbers,2000,65000000,105,4,2261
Luminarias,2000,1000000,100,2,372
Lurking Fear,1994,1000000,76,4,116
Macabre,1958,150000,72,5,55
Macon County Line,1974,225000,89,6,121
Mad City,1997,50000000,114,6,3700
Mad Dogs,2002,1400000,91,4,8
Mad Love,1935,257502,68,7,304
Mad Max,1979,350000,93,6,10861
Madadayo,1993,11900000,134,7,504
Madam Satan,1930,980000,105,5,99
Made,2001,5000000,94,6,4240
Madness and Genius,2003,19000,103,6,18
Magnolia,1999,37000000,188,8,43326
Maid in Manhattan,2002,55000000,105,4,11263
Major Dundee,1965,3800000,123,6,426
Major League,1989,11000000,107,6,7610
Mala Noche,1985,25000,78,7,73
Mala racha,2001,70000,65,8,6
Malcolm X,1992,34000000,202,7,6352
Male Order,2001,10000,23,8,6
Malibu Express,1985,500000,105,3,142
Mallrats,1995,6100000,94,7,21716
Mame,1974,12000000,132,4,498
Man of Conquest,1939,1000000,105,6,26
Man of La Mancha,1972,12000000,132,5,496
Man on Fire,2004,70000000,146,7,10553
Man on the Moon,1999,52000000,118,7,18688
Manhattan Baby,1982,300000,89,3,178
Manhattan Murder Mystery,1993,13500000,104,7,4807
Manhunter,1986,15000000,119,7,6854
Maniac,1934,5000,51,3,152
Maniac,1980,350000,87,5,680
Maniac Cop,1988,1100000,85,5,646
Manito,2002,24000,78,7,134
Mantis in Lace,1968,35000,68,3,48
March or Die,1977,9000000,104,5,306
Maria Chapdelaine,1983,4600000,107,6,39
Marie Antoinette,1938,1800000,149,7,228
Mark of Cain,1985,1000000,90,4,12
Mark of the Vampire,1935,305177,60,6,342
Marnie,1964,3000000,130,7,4095
Marooned,1969,8000000,134,5,550
Mars,1998,4500000,91,3,144
Mars,2004,2000000,100,5,6
Martin,1977,800000,95,6,753
Marty,1955,343000,94,7,1964
Mary Reilly,1996,47000000,108,5,2653
MASH,1970,3500000,116,7,14248
Masters of the Universe,1987,17000000,106,4,3098
Matewan,1987,4000000,132,7,1797
Matilda,1996,36000000,98,6,4064
Maurice,1987,2600000,140,7,2123
Maximum Overdrive,1986,10000000,97,4,2879
May,2002,1700000,93,6,2934
Mean Creek,2004,500000,87,7,982
Mean Girls,2004,17000000,97,6,9841
Mean People Suck,2003,10000,8,4,45
Mean Streets,1973,150000,110,7,7361
Medicine Man,1992,40000000,106,5,3989
Medium Cool,1969,800000,110,7,456
Meet Joe Black,1998,90000000,178,6,15661
Meet the Applegates,1991,1000,90,5,444
Meet the Deedles,1998,24000000,93,3,421
Meet the Feebles,1989,750000,94,6,3578
Meet the Fockers,2004,80000000,115,6,5909
Meet the Hollowheads,1989,4800000,86,4,66
Meet the Parents,2000,55000000,108,7,28302
Megaforce,1982,20000000,99,2,537
Memento,2000,5000000,113,8,84741
Memoirs of an Invisible Man,1992,40000000,99,5,2854
Men in Black,1997,90000000,98,6,50949
Men in Black II,2002,140000000,88,5,20019
Men in Love,1989,350000,85,2,20
Men of Action,2003,30000,15,8,13
Men of Honor,2000,32000000,129,6,9076
Men of War,1994,12000000,103,4,351
Men with Brooms,2002,7500000,102,5,1033
Menace II Society,1993,3500000,97,7,4403
Meng long guojiang,1972,130000,100,6,1612
Mercury Rising,1998,60000000,108,5,7838
Mercy Streets,2000,600000,106,4,145
Mesmerized,1986,5654930,94,4,133
Message in a Bottle,1999,30000000,126,5,5269
Meteor,1979,16000000,107,4,1048
Metoroporisu,2001,14500000,108,7,3126
Metro,1997,55000000,117,5,3330
Metropolitan,1990,430000,98,7,1343
Michael Collins,1996,25000000,133,6,4778
Mickey,1918,125000,93,7,18
Mickey Blue Eyes,1999,40000000,102,5,6850
Midnight Cowboy,1969,3600000,113,7,12473
Midnight Days,2001,10000,60,2,14
Midnight Express,1978,2300000,121,7,7108
Midnight in the Garden of Good and Evil,1997,30000000,155,6,8073
Midnight Run,1988,30000000,126,7,8720
Mighty Aphrodite,1995,15000000,95,7,6831
Mighty Joe Young,1998,49000000,114,5,2720
Mildred Pierce,1945,1500000,111,7,2183
Mimic,1997,25000000,105,5,5779
Minnie and Moskowitz,1971,900000,114,6,274
Minority Report,2002,102000000,145,7,48173
Miracle Mile,1988,3000000,87,6,1029
Misdemeanor,2002,16000,13,8,17
Misery,1990,20000000,107,7,12370
Miss Congeniality,2000,45000000,109,6,15093
Miss Pacific Fleet,1935,202798,66,5,9
Miss Supreme Queen,1999,50000,24,5,9
Missile to the Moon,1958,65000,78,3,54
Mission to Mars,2000,90000000,113,4,14404
Mission to Moscow,1943,1516000,123,6,81
Mississippi Burning,1988,15000000,128,7,7633
Mix,2004,1000000,97,5,88
Moby Dick,1956,4500000,115,7,1776
Modern Times,1936,1500000,87,8,9763
Modern Vampires,1998,2000000,91,4,673
Modesty Blaise,1966,3000000,119,4,423
Modigliani,2004,12000000,128,5,69
Molly,1999,21000000,102,5,558
Mommie Dearest,1981,5000000,129,6,1595
Mommy,1995,700000,89,5,60
Mona Lisa Smile,2003,65000000,117,6,6142
Mondo Topless,1966,12000,60,4,104
Mondo Trasho,1969,2100,95,5,154
Money Talks,1997,25000000,97,5,2545
Money Train,1995,68000000,103,5,4771
Monkey Shines,1988,7000000,113,5,771
Monkeybone,2001,75000000,92,4,2929
Monsieur Verdoux,1947,2000000,124,7,1150
Monster,2003,8000000,109,7,10853
Monster from the Ocean Floor,1954,12000,64,2,45
Monsteret,2002,130000,22,8,5
Montana,1998,4000000,96,5,404
Monte Carlo,1930,726465,90,6,80
Monty Python and the Holy Grail,1975,250000,91,8,58087
Moon Over Harlem,1939,8000,70,4,19
Moon Zero Two,1969,2000000,100,3,115
Moonraker,1979,34000000,126,5,8834
Moonrise,1948,849452,90,6,66
Moonshine Mountain,1964,45000,90,1,19
More American Graffiti,1979,3000000,110,4,600
Mortal Kombat,1995,20000000,101,5,8277
Motel Hell,1980,3000000,102,5,742
Mother Machree,1928,750000,75,5,18
Mother Night,1996,5500000,114,7,1182
Motor Psycho,1965,38000,74,5,144
Moulin Rouge,1952,1500000,119,7,592
Mouse Hunt,1997,38000000,99,5,4396
Moving,2002,9000,94,7,7
Much Ado About Nothing,1993,8000000,111,7,12019
Muertos de risa,1999,3500000,113,6,308
Mujeres al borde de un ataque de nervios,1988,700000,90,7,3718
Mulan,1998,70000000,88,7,10497
Mullet,2001,1000000,89,5,155
Multiple Maniacs,1970,5000,90,6,225
Multiplicity,1996,45000000,117,5,4975
Mumford,1999,28000000,112,6,3268
Muppets From Space,1999,24000000,87,6,2620
Murbah Swamp Beer,2002,3000,7,6,13
Murder by Numbers,2002,50000000,120,6,7789
Murders in the Rue Morgue,1932,190000,61,6,178
Murders in the Rue Morgue,1971,700000,87,4,126
Musa,2001,60000000,158,7,1488
Music of the Heart,1999,27000000,124,6,2247
Mutant Aliens,2001,200000,81,6,207
Mutant Species,1995,1750000,100,2,41
Mutiny on the Bounty,1935,1950000,132,7,2367
Mutiny on the Bounty,1962,19000000,178,6,1296
My Beautiful Laundrette,1985,400000,97,6,2051
My Best Girl,1927,483103,80,7,135
My Big Fat Greek Wedding,2002,5000000,95,7,20575
My Cousin Vinny,1992,11000000,120,7,10362
My Dog Skip,2000,7000000,95,7,2955
My Fair Lady,1964,17000000,170,7,12152
My Favorite Martian,1999,60000000,93,4,1827
My Fellow Americans,1996,21500000,101,6,2615
My Girl,1991,16500000,102,6,5213
My Own Private Idaho,1991,2500000,102,6,5218
My Samurai,1992,700000,87,3,18
My Stepmother Is an Alien,1988,16000000,105,4,3894
Myra Breckinridge,1970,5000000,94,3,394
Mystery Men,1999,68000000,121,5,12525
Mystery Train,1989,2800000,113,7,2341
Mystic Pizza,1988,6000000,104,6,3571
Mystic River,2003,30000000,137,8,25337
Naked,1999,3000,40,5,18
Naked Paradise,1957,90000,68,1,5
Naken,2000,25000,94,4,393
Nanook of the North,1922,53000,79,7,782
Napoleon Dynamite,2004,400000,82,7,12019
Naqoyqatsi,2002,3000000,89,6,502
Narc,2002,7500000,105,7,6640
Nasty Burgers,1993,50000,70,6,17
National Treasure,2004,100000000,131,6,8168
Native Son,1986,2000000,111,5,115
Nattens engel,1998,700000,98,4,197
Natural Born Killers,1994,50000000,118,6,24168
Naturally Native,1998,700000,107,8,24
Navy Blues,1941,1200000,108,7,25
Near Dark,1987,5000000,95,6,3078
Necromania,1971,7000,54,3,57
Necronomicon,1994,4000000,96,4,528
Neighbors,1981,8500000,94,4,1349
Neon Maniacs,1986,1500000,91,3,129
Netto Perde Sua Alma,2001,1300000,102,6,29
Network,1976,3800000,121,8,9149
Never Among Friends,2002,7000,78,6,71
Never Let Me Go,1953,1500000,69,5,68
Never Say Never Again,1983,36000000,134,6,7137
New Jack City,1991,8500000,97,6,3162
New Jersey Drive,1995,5000000,98,5,325
New York Stories,1989,15000000,119,6,2545
News for the Church,2004,50000,18,8,13
Newsies,1992,15000000,121,5,2834
Next Friday,2000,9500000,98,5,3253
Next Stop Wonderland,1998,1000000,104,6,1380
Niagara,1953,1250000,92,6,1355
Nickelodeon,1976,9000000,121,5,274
Night Fright,1967,18000,75,1,17
Night of a Thousand Screams,2001,175000,100,9,15
Night of Dark Shadows,1971,900000,95,4,134
Night of the Blood Beast,1958,68000,62,2,114
Night of the Demons,1988,1200000,90,4,575
Night of the Living Dead,1968,114000,96,7,10805
Night of the Living Dead,1990,4200000,88,6,2378
Night Shadows,1984,2500000,99,3,119
Night Train to Mundo Fine,1966,30000,89,2,1027
Nightmare Sisters,1987,40000,83,3,52
Nikmato Shel Itzik Finkelstein,1993,500000,83,7,7
Nil by Mouth,1997,9000000,128,6,1103
Ninja Bachelor Party,1991,5000,30,7,46
Ninotchka,1939,1365000,110,7,2250
Nisuim Fiktiveem,1988,25000,90,7,6
Nixon,1995,50000000,192,6,5536
No Blade of Grass,1970,1500000,96,6,79
No Looking Back,1998,5000000,96,5,592
Nobody,1998,13000,16,5,16
Noro,2002,500000,85,5,11
North,1994,40000000,87,4,2380
North by Northwest,1959,4000000,136,8,34014
North to Alaska,1960,3500000,122,6,722
Northfork,2003,1900000,103,6,1384
Not Another Teen Movie,2001,16000000,89,5,9298
Not as a Stranger,1955,2000000,135,6,216
Not of This Earth,1957,100000,67,5,94
Nothing But a Man,1964,230000,95,7,124
Nothing But Trouble,1991,40000000,94,3,3699
Nothing Lasts Forever,1984,3000000,82,6,86
Nothing Sacred,1937,1831927,75,7,486
Nothing to Lose,1996,200000,108,4,130
Notorious,1946,2000000,101,8,10170
Notting Hill,1999,42000000,124,7,25763
November,2004,1500000,73,2,142
Novocaine,2001,6000000,95,5,2676
Nueve reinas,2000,1500000,114,7,3427
Nurse Betty,2000,24000000,110,6,9983
Nutbag,2000,40000,80,3,13
O,2001,5000000,95,6,4282
O da beni seviyor,2001,1500000,106,6,21
Oblivion,1994,2500000,94,4,178
Obsession,1976,1400000,98,6,875
Ocean Tribe,1997,380000,106,5,54
Octane,2003,11500000,91,4,287
Octopussy,1983,27500000,131,6,7880
Odinokij igrok,1995,400000,90,6,5
Office Space,1999,10000000,89,7,23998
Ogniem i mieczem,1999,8000000,175,6,351
Oh My God,2004,3500,10,8,9
Old School,2003,24000000,91,6,12952
Oliver Twist,1922,175000,74,6,59
On Again Off Again,1937,214000,68,6,7
On the Border,1998,3000000,103,4,152
On the Line,2001,10000000,85,4,962
On the Run,1999,750000,94,6,123
On the Town,1949,2111250,98,7,1757
On the Waterfront,1954,910000,108,8,12072
On Their Knees,2001,250000,85,5,24
Once Bitten,1985,3200000,94,4,1462
Once Upon a Time in America,1984,30000000,229,8,17855
One,1998,180000,102,6,49
One Angry Dwarf,2001,3500,28,8,16
One Blood Planet,2001,200000,80,8,7
One Dark Night,1983,978000,94,3,112
One Eight Seven,1997,23000000,119,6,2767
One Exciting Night,1922,267000,128,4,8
One from the Heart,1982,26000000,107,5,718
One Hell of a Christmas,2002,400000,94,3,61
One Hour Photo,2002,12000000,96,7,15993
One Hundred and One Dalmatians,1961,4000000,79,7,5609
One Hundred Men and a Girl,1937,762000,85,6,95
One Night Stand,1997,24000000,102,5,1646
One Rainy Afternoon,1936,511383,94,5,10
One True Thing,1998,30000000,127,7,2435
Onegin,1999,14000000,106,6,1262
Ono,2004,92000,101,7,7
Open Range,2003,26000000,139,7,7968
Opera,1987,8000000,107,6,1056
Orange County,2002,18000000,82,6,7938
Ordinary People,1980,6000000,124,7,6451
Orgazmo,1997,1000000,94,5,4663
Original Gangstas,1996,4800000,99,5,194
Original Sin,2001,26000000,116,5,4246
Orlando,1992,5000000,93,6,1834
Osama,2003,46000,83,7,1303
Osmosis Jones,2001,75000000,95,6,3195
Othello,1995,11000000,123,6,1760
Our Daily Bread,1934,125000,80,7,116
Out Cold,2001,11000000,89,5,1814
Out of Africa,1985,31000000,150,6,6404
Out of Sight,1998,48000000,123,7,18076
Out of the Dark,1989,1600000,89,4,51
Outbreak,1995,50000000,127,6,13089
Outcasts,2002,20000,88,9,5
Outland,1981,16000000,109,6,3373
Outside Providence,1999,7000000,96,6,2617
Owning Mahowny,2003,10000000,104,6,1802
Oz,1976,150000,103,2,22
Ozone,1993,3500,83,2,57
Pagan Love Song,1950,1906265,76,5,31
Paint Your Wagon,1969,20000000,166,6,1903
Pale Rider,1985,6900000,115,6,4157
Panama Hattie,1942,1097907,79,6,45
Pandaemonium,2000,15000000,124,5,235
Pandora and the Flying Dutchman,1951,1500000,122,6,222
Panic,2000,1000000,88,6,2420
Panic Room,2002,48000000,112,7,22643
Papa,2004,3500000,94,7,58
Papillon,1973,12000000,150,7,8971
Parachute Jumper,1933,206000,65,6,110
Paradjanov,1998,121000,60,2,6
Parasite,1982,800000,85,3,218
Parents,1989,3000000,81,5,592
Paris Is Burning,1990,500000,71,7,317
Parnell,1937,1547000,118,4,47
Party Monster,2003,5000000,98,5,1725
Pat Garrett and Billy the Kid,1973,4638783,122,6,1339
Patch Adams,1998,50000000,115,6,11474
Paths of Glory,1957,935000,87,8,13605
Patriot Games,1992,45000000,117,6,12154
Patton,1970,12000000,170,8,13629
Pavilion of Women,2001,5000000,116,5,187
Pay It Forward,2000,40000000,123,6,12705
Payback,1999,50000000,100,6,17258
Paycheck,2003,60000000,119,6,9367
Payday,1972,76000,103,6,49
PCU,1994,9000000,79,5,2814
Peaches,2000,1400000,84,5,34
Pearl Harbor,2001,135250000,183,5,31493
Pecker,1998,6000000,87,6,3836
Peggy Sue Got Married,1986,18000000,104,6,5543
Penelope,1966,4000000,97,5,134
Pennies from Heaven,1981,22000000,108,6,1046
Pep Squad,1998,500000,94,4,103
Per un pugno di dollari,1964,200000,99,7,8055
Perfect Target,1997,3500000,89,4,51
Permanent Record,1988,8000000,91,6,339
Personal Property,1937,299000,84,5,78
Pet Sematary,1989,11500000,103,5,5388
Pet Sematary II,1992,8000000,96,3,1865
Peter Pan,1953,4000000,76,7,4588
Peter Pan,2003,100000000,113,7,5039
Phantasm,1979,300000,88,6,2272
Phantasm II,1988,3000000,97,5,939
Phantom of the Opera,1943,1500000,92,6,575
Phantom of the Paradise,1974,1300000,92,6,1852
Phenomena,1985,3800000,116,6,1489
Phenomenon,1996,32000000,123,6,11481
Philadelphia,1993,26000000,125,7,16778
Phobia,1980,5100000,94,2,49
Phone Booth,2002,10000000,81,7,19370
Pi,1998,60000,84,7,18150
Picture Perfect,1997,19000000,105,5,2882
Pieces of April,2003,300000,80,7,3976
Pierrot le fou,1965,300000,110,7,1392
Pink Flamingos,1972,12000,93,6,1916
Pink Narcissus,1971,27000,71,4,107
Pinocchio,1940,2600000,88,7,6272
Piranha,1978,660000,94,5,1437
Pit and the Pendulum,1961,200000,80,6,999
Pitch Black,2000,23000000,110,6,17179
Plane Crazy,1928,3528,6,7,54
Planet of the Apes,1968,5800000,112,7,19691
Planet of the Apes,2001,100000000,119,5,27147
Plankton,1994,250000,86,4,41
Platoon,1986,6000000,120,8,33199
Play It to the Bone,1999,24000000,124,5,2516
Playing by Heart,1998,14000000,121,7,4679
Playing the Part,1995,12000,38,7,9
Pleasantville,1998,40000000,124,7,21610
Plug,1998,12000,11,6,28
Pocahontas,1995,55000000,81,5,6022
Pocketful of Miracles,1961,2900000,136,7,715
Poetic Justice,1993,14000000,109,5,1135
Point Blank,1967,3000000,92,7,1561
Point Break,1991,24000000,122,6,10522
Poison,1991,250000,85,6,426
Polish Vampire in Burbank,1985,3000,84,2,77
Pollock,2000,6000000,122,7,3769
Pollyanna,1920,300000,58,7,43
Poltergeist,1982,10700000,114,7,10952
Poltergeist III,1988,9500000,98,3,1958
Polyester,1981,300000,86,6,1058
Polymorph,1996,10000,86,5,19
Poolhall Junkies,2002,4000000,94,6,1240
Pootie Tang,2001,3000000,70,4,1733
Popeye,1980,20000000,114,4,4605
Porgy and Bess,1959,7000000,138,7,260
Portrait of Jennie,1948,4041000,86,7,892
Possums,1998,1400000,97,5,59
Practical Magic,1998,60000000,103,5,7338
Prairie Rustlers,1945,23300,56,5,5
Predator,1987,18000000,107,7,23535
Prefontaine,1997,8000000,106,6,870
Pretty Poison,1968,1800000,89,7,248
Pretty Woman,1990,14000000,119,6,22078
Price of Glory,2000,10000000,118,6,257
Primal Fear,1996,30000000,129,7,11744
Primary Colors,1998,65000000,143,6,7385
Prime Suspects,1997,550000,93,2,9
Prince of Darkness,1987,3000000,102,6,2632
Prison,1988,4000000,102,5,297
Private Lessons,1981,2800000,87,4,289
Private Parts,1997,20000000,109,6,8947
Professor Beware,1938,820000,95,7,22
Proof of Life,2000,65000000,135,6,9053
Prophecy,1979,12000000,102,4,412
Psycho,1960,806947,109,8,51452
Psycho,1998,20000000,105,5,6863
Psycho Beach Party,2000,1500000,95,5,1321
Psycho II,1983,5000000,113,5,2106
Psychomania,1964,42000,90,3,11
Puddle Cruiser,1996,160000,102,6,129
Pulp Fiction,1994,8000000,154,8,124655
Puppet Master II,1991,780000,88,4,380
Puppies for Sale,1998,3500,9,7,40
Pushing Tin,1999,33000000,124,5,7187
Putney Swope,1969,200000,84,6,356
Pygmalion,1938,350000,96,7,838
Queen Christina,1933,1114000,97,7,685
Queen of the Damned,2002,35000000,101,4,6531
Quest for Camelot,1998,40000000,86,5,908
Quigley Down Under,1990,20000000,119,6,2176
Quo Vadis,1951,7000000,171,6,1209
Radio,2003,35000000,109,6,3228
Radio City Revels,1938,810000,90,6,12
Radio Days,1987,16000000,85,7,3776
Radio Flyer,1992,35000000,114,6,2314
Raging Bull,1980,18000000,129,8,24663
Raiders of the Lost Ark,1981,20000000,115,8,90052
Rain Man,1988,25000000,133,7,40220
Raintree County,1957,5000000,182,6,402
Raise the Titanic,1980,36000000,115,4,568
Raising Arizona,1987,6000000,94,7,19091
Raising Cain,1992,11000000,91,5,1798
Raising the Stakes,1999,100000,88,4,23
Raising Victor Vargas,2002,800000,88,6,1674
Rambo III,1988,65000000,101,4,7160
Ran,1985,11500000,160,8,11273
Rancid Aluminium,2000,12000000,98,3,336
Random Hearts,1999,64000000,133,4,5691
Ransom,1996,80000000,121,6,16914
Rapa Nui,1994,20000000,107,5,712
Rare Birds,2001,5000000,99,6,451
Rat Race,2001,48000000,112,6,12952
Ravenous,1999,12000000,100,6,5550
Real Women Have Curves,2002,3000000,90,7,1812
Reality of Life,2002,12000,115,1,13
Reap the Wild Wind,1942,4000000,123,6,325
Rear Window,1954,2000000,112,8,38863
Rebecca,1940,1288000,130,8,10824
Rebel Love,1986,167300,80,7,5
Rebel Without a Cause,1955,1500000,111,7,10576
Red Cockroaches,2004,2000,82,8,22
Red Dragon,1945,75000,64,4,24
Red Dragon,2002,90000000,124,7,19618
Red Dust,1932,408000,83,7,427
Red Planet,2000,75000000,106,5,8164
Red Ribbon Blues,1996,3000000,97,4,37
Red River Valley,1936,75000,60,7,16
Red Rock West,1992,8000000,98,7,3715
Red Scorpion,1989,16000000,105,3,648
Red Sonja,1985,17900000,89,4,3694
Reds,1981,35000000,194,7,2245
Reflections in a Golden Eye,1967,4500000,108,6,547
Reign of Fire,2002,95000000,101,5,10765
Reindeer Games,2000,36000000,104,5,6764
Remember the Titans,2000,30000000,113,7,13268
Renaissance Man,1994,40000000,128,5,3004
Rent Control,1984,100000,95,5,9
Repo Man,1984,1500000,92,6,4760
Requiem for a Dream,2000,4500000,102,8,43850
Reservoir Dogs,1992,1200000,99,8,64823
Resident Evil,2002,35000000,100,6,17508
Resolution,2001,70000,86,3,14
Restoration,1995,18000000,117,6,1803
Resurrection Man,1998,4000000,102,4,193
Return of the Fly,1959,225000,80,5,357
Return of the Living Dead Part II,1988,6200000,89,4,1166
Return to Innocence,2001,100000,98,7,471
Return to Me,2000,24000000,115,6,4861
Return to Never Land,2002,20000000,72,5,933
Return to Oz,1985,27000000,113,6,2065
Return with Honor,1998,1000000,101,8,89
Reveille with Beverly,1943,40000,78,5,14
Revelation,1999,5000000,98,4,191
Revenge of the Nerds,1984,8000000,90,6,5716
Revenge of the Unhappy Campers,2002,175000,98,8,26
Revolution,1985,28000000,126,4,885
Rhapsody in Bloom,1998,2200000,92,6,101
Rhythm Thief,1994,30000,88,6,67
Rich Kids,1979,2500000,101,5,82
Richard III,1912,30000,55,7,20
Ride Beyond Vengeance,1966,650000,101,5,56
Ride in the Whirlwind,1965,70000,82,5,158
Ride the High Country,1962,813000,94,7,1275
Riders,2002,15000000,83,5,839
Riders of Death Valley,1941,1000000,283,6,7
Riders of Destiny,1933,15000,53,5,93
Riding in Cars with Boys,2001,48000000,132,6,4373
Ringu,1998,1200000,96,7,7310
Rio Grande,1950,1214899,105,7,1604
Rio Lobo,1970,4000000,114,6,913
Riptide,1934,500000,92,6,54
Risky Business,1983,6200000,98,6,8160
Road to Perdition,2002,80000000,117,7,28608
Road Trip,2000,15600000,93,6,14920
Roar,1981,17000000,102,5,68
Rob Roy,1995,28000000,139,6,6318
Roberta,1935,610000,106,6,238
Robin and Marian,1976,5000000,106,6,1609
Robin Hood,1922,1000000,127,7,136
Robin Hood,1973,15000000,83,7,3091
RoboCop,1987,13000000,102,7,15148
Robot Jox,1990,10000000,85,3,541
Robot Monster,1953,16000,66,2,705
Rock and Roll Fantasy,1992,50000,90,4,36
Rock Around the Clock,1956,300000,77,5,118
Rock Star,2001,38000000,105,5,4780
Rockula,1990,1500000,87,4,85
Rocky,1976,1100000,119,7,21254
Rocky IV,1985,31000000,91,5,10591
Rogue Trader,1999,12800000,101,6,1305
Roman Holiday,1953,1500000,118,8,9003
Roman Scandals,1933,1000000,85,6,78
Romance,1930,496000,76,5,50
Romeo Must Die,2000,25000000,115,5,9687
Ronin,1998,55000000,121,7,20794
Roommates,1995,22000000,108,6,430
Rope,1948,1500000,80,7,7422
Rosalie,1937,2000000,123,5,63
Rosewood,1997,31000000,140,6,1767
Rounders,1998,12000000,121,7,12630
Roy,2000,500000,11,6,12
Royal Wedding,1951,1590920,93,6,500
Ruby in Paradise,1993,800000,114,7,796
Rules of Engagement,2000,60000000,128,6,7455
Rumble Fish,1983,10000000,94,6,3182
Runaway Bride,1999,70000000,116,5,11971
Runaway Jury,2003,60000000,127,7,9656
Running Brave,1983,8000000,106,5,149
Running Out,2001,50000,97,7,73
Running Time,1997,120000,70,6,287
Rush Hour,1998,35000000,97,6,17350
Rushmore,1998,10000000,93,7,20890
Saadia,1953,1250000,82,4,8
Sabrina,1954,2238813,113,7,5597
Sabrina,1995,58000000,127,6,7218
Sacred Is the Flesh,2001,300000,94,9,5
Safe Men,1998,1000000,88,6,567
Sahara,1983,25000000,111,3,141
Sally and Angela,2001,5000,12,6,13
Salvador,1986,4500000,123,7,2411
San Francisco,1936,1300000,115,7,644
Sands of Iwo Jima,1949,1000000,100,7,1155
Santa Claus,1985,50000000,107,4,925
Santa Claus Conquers the Martians,1964,200000,81,2,1814
Santa sangre,1989,787000,123,7,1088
Sara,1997,835000,110,6,165
Saturn,1999,350000,94,5,38
Satyricon,1969,3000000,138,6,1726
Save the Last Dance,2001,13000000,112,6,7143
Saving Private Ryan,1998,70000000,170,8,95227
Saving Silverman,2001,22000000,90,5,6200
Savior,1998,10000000,103,7,1669
Saw,2004,1200000,102,7,8408
Scanner Cop II,1995,4000000,95,3,81
Scaramouche,1923,858723,101,7,51
Scaramouche,1952,3500000,115,7,741
Scarface,1983,25000000,170,7,25227
Scarlett Mecca and the Pentagram Girl,2000,20000,20,6,8
Scary Movie,2000,19000000,88,5,22047
Schizopolis,1996,250000,96,7,853
School Daze,1988,6500000,121,5,895
Scorpio Rising,1964,16000,30,6,262
Scream,1996,15000000,111,7,41882
Screamers,1995,11000000,108,5,2592
Screen Test,1985,1000000,84,3,35
Screwed,2000,10000000,81,4,1492
Seabiscuit,2003,86000000,141,7,10589
Search and Destroy,1995,4000000,90,4,391
Secondhand Lions,2003,30000000,111,7,4986
Secret Window,2004,40000000,96,6,11260
Secrets,1933,531641,90,6,14
See Spot Run,2001,16000000,94,5,1113
Selena,1997,20000000,127,6,2707
Sense and Sensibility,1995,16500000,136,7,13341
September,1987,10000000,82,6,855
Serendipity,2001,28000000,90,6,9900
Serial Mom,1994,13000000,95,6,4480
Set It Off,1996,9000000,123,6,1523
Seven Days in May,1964,2200000,118,7,1871
Seven Sinners,1940,760000,87,6,159
Seven Years in Tibet,1997,70000000,139,6,8831
Shadow Conspiracy,1997,45000000,103,4,1019
Shadow of the Vampire,2000,8000000,92,6,7919
Shadows and Fog,1992,14000000,85,6,2186
Shadows Over Chinatown,1946,75000,64,6,20
Shaft,1971,1125000,100,6,2798
Shaft,2000,46000000,99,6,13105
Shakes the Clown,1992,1400000,87,5,805
Shakespeare in Love,1998,25000000,122,7,40409
Shalako,1968,1455000,113,5,266
Shall We Dance,1937,991000,109,7,569
Shall We Dance,2004,40000000,106,5,1911
Shallow Grave,1994,2500000,93,7,8954
Shallow Hal,2001,40000000,113,6,12208
Shampoo Horns,1996,2500000,89,4,20
Shanghai Knights,2003,50000000,114,6,6753
Shanghai Noon,2000,55000000,110,6,11613
Shanghai Surprise,1986,17000000,97,2,805
Shark Tale,2004,75000000,90,5,4925
Shattered Glass,2003,6000000,95,7,3587
She Demons,1958,65000,77,2,45
She Done Him Wrong,1933,200000,66,6,459
She Freak,1967,65000,83,3,70
She Gods of Shark Reef,1958,50000,63,2,42
She Had to Say Yes,1933,111000,65,5,38
She Wore a Yellow Ribbon,1949,1600000,103,7,2078
Sheena,1984,25000000,117,3,583
Shelter Island,2003,5000000,82,4,149
Shichinin no samurai,1954,500000,160,8,29687
Shine,1996,5500000,105,7,12065
Shock Treatment,1981,3500000,94,4,547
Shock Waves,1977,200000,90,5,390
Shooting Fish,1997,3000000,109,6,2598
Shopping for Fangs,1997,100000,90,7,36
Show Boat,1951,2295429,107,7,608
Showboy,2002,300000,93,4,62
Showgirls,1995,45000000,128,3,10941
Showtime,2002,85000000,95,5,7092
Shrek,2001,60000000,90,8,60989
Shutter,2001,15000,24,3,12
Sibirskij tsiryulnik,1998,35000000,180,6,1148
Sid and Nancy,1986,4000000,112,7,2887
Sidewalks of New York,2001,1000000,108,6,1876
Sideways,2004,12000000,123,8,6364
Signs,2002,72000000,106,7,37600
Silent Cry,2002,4500000,85,3,29
Silent Movie,1976,4400000,87,6,2179
Silk Stockings,1957,1853463,117,6,430
Silmido,2003,8000000,135,7,313
Silver Bullet,1985,7000000,95,5,1860
Silverado,1985,26000000,127,7,5751
Simon Birch,1998,20000000,113,6,4356
Simply Irresistible,1999,6000000,94,4,2895
Since You Went Away,1944,2400000,172,7,510
Sinful Davey,1969,3000000,95,5,69
Single and Dealing with It,2003,175000,86,4,26
Sinnui yauman,1987,5600000,98,7,1507
Sins of Jezebel,1953,100000,74,5,9
Sins of the Fleshapoids,1965,1000,40,7,13
Sirota kazanskaya,1997,800000,82,6,44
Sisters,1973,500000,92,6,991
Six Days Seven Nights,1998,70000000,101,5,10697
Sixteen Candles,1984,6500000,93,6,8246
Skeletons,1996,2200000,87,5,113
Skeletons in the Closet,2000,1500000,86,5,228
Skullduggery,1970,4500000,105,4,63
Sky Captain and the World of Tomorrow,2004,40000000,106,6,9192
Slacker,1991,23000,97,6,1974
Slackers,2002,11000000,86,4,2561
Slam,1998,1000000,100,7,545
Slashers,2001,165000,99,5,195
Sleepaway Camp,1983,350000,88,5,1023
Sleeper,1973,2000000,89,7,5275
Sleepers,1996,44000000,147,7,16783
Sleeping Beauty,1959,6000000,75,7,5490
Sleepless in Seattle,1993,21000000,105,6,18353
Sleepwalk,2000,100000,98,5,47
Sleepy Hollow,1999,65000000,105,7,36587
Slums of Beverly Hills,1998,5000000,91,6,2783
Small Soldiers,1998,40000000,108,5,6521
Small Time Crooks,2000,18000000,94,6,5876
Smoke,1995,7000000,112,7,7817
Smoke Signals,1998,2000000,88,7,2573
Snake Eyes,1998,73000000,98,5,11553
Snitch,1998,11000000,93,5,392
Snow Day,2000,13000000,89,4,1558
Snow Dogs,2002,35000000,99,5,2228
Snow Falling on Cedars,1999,36000000,127,6,4336
Snow White and the Seven Dwarfs,1937,1488000,83,7,13546
Snow White and the Three Stooges,1961,3500000,107,3,164
So Ends Our Night,1941,401000,117,7,41
Social Intercourse,1998,15000,90,4,79
Soft for Digging,2001,6000,74,6,68
Solar Crisis,1990,55000000,112,3,369
Solaris,2002,47000000,99,6,10976
Soldier,1998,75000000,98,5,5294
Soliloquy,2001,3000,29,7,12
Solomon and Sheba,1959,5000000,141,5,226
Solstice,1994,130000,48,5,9
Some Like It Hot,1959,2883848,120,8,24167
Something to Sing About,1937,900000,93,5,73
Something Weird,1967,35000,80,3,53
Something Wicked This Way Comes,1983,19000000,95,6,1227
Somewhere in Time,1980,5100000,103,6,3667
Song jia huang chao,1997,50000000,140,6,141
Songcatcher,2000,1800000,109,7,864
Sorcerer,1977,22000000,121,7,683
Sorority Boys,2002,12000000,93,5,2227
Sorority House Vampires,1998,50000,86,1,81
Sorte Nula,2004,150000,85,7,106
Soul Assassin,2001,7000000,96,3,356
Soul Food,1997,7500000,114,6,1103
Soul Plane,2004,16000000,86,3,1913
Soul Survivors,2001,14000000,84,3,2183
South Pacific,1958,6000000,171,6,1230
Space Cowboys,2000,65000000,130,6,11195
Space Jam,1996,80000000,87,5,7480
Space Truckers,1996,25000000,95,4,1389
Spaceballs,1987,22700000,96,6,18829
Spaced Invaders,1990,3000000,100,4,591
Spaceman,1997,50000,88,4,66
Spanking the Monkey,1994,200000,100,6,1297
Sparrows,1926,463455,84,7,110
Spartacus,1960,12000000,184,8,16133
Spawn,1997,40000000,96,4,7139
Spawn of the Slithis,1978,100000,86,2,86
Species,1995,35000000,108,5,8534
Speed,1994,28000000,116,7,31458
Speedway,1968,1500000,94,4,215
Spellbound,1945,1696377,111,7,4781
Spelling Bee,2004,20000,13,8,5
Sphere,1998,80000000,134,5,12294
Spice World,1997,25000000,93,2,8071
Spider,2002,8000000,98,6,4821
Spiders,2000,2000000,94,3,478
Spies Like Us,1985,22000000,102,5,6152
Splash,1984,8000000,111,6,8992
Split Second,1992,7000000,90,5,1047
Spring Fever,1982,4300000,100,4,22
Spring Forward,1999,2000000,110,7,295
Spudmonkey,2001,1100000,88,7,7
Spun,2002,2800000,101,6,3387
Spy Game,2001,92000000,126,7,15664
Spy Hard,1996,18000000,81,4,4418
Spy Kids,2001,35000000,88,6,6987
Squeeze,1997,155000,102,4,53
SSSSSSS,1973,1300000,99,4,366
Stacey,1973,100000,81,6,10
Stag,1997,3000000,91,5,278
Stage Door,1937,952000,92,7,980
Stagecoach,1939,531300,96,8,5387
Stakeout on Dope Street,1958,35000,89,7,8
Stand by Me,1986,8000000,89,7,29073
Standing by Yourself,2002,1000,65,8,7
Stanley and Livingstone,1939,2000000,101,7,167
Star Kid,1997,12000000,101,5,251
Star of Midnight,1935,280000,90,6,80
Star Wars,1977,11000000,121,8,128934
Stardust Memories,1980,10000000,91,6,2031
Stargate,1994,55000000,121,6,16637
Starman,1984,24000000,115,6,5279
Starship Troopers,1997,95000000,129,6,31229
State of the Union,1948,2600000,124,7,424
Stationery Games,2002,2500,37,6,7
Stealing Harvard,2002,25000000,82,4,2360
Steamboat Willie,1928,4986,8,7,358
Steamboy,2004,20000000,126,6,132
Steel,1997,16000000,97,2,1540
Stepmom,1998,50000000,124,6,7083
Stereo,1969,3500,65,5,76
Stigmata,1999,32000000,103,6,13344
Stir of Echoes,1999,13000000,99,7,11103
Stolen Summer,2002,1500000,91,6,734
Strange Days,1995,42000000,145,6,11462
Strange Interlude,1932,408000,109,5,88
Strangeland,1998,2000000,85,4,1103
Stranger on the Third Floor,1940,171200,64,6,204
Stranger Than Paradise,1983,90000,89,7,2709
Strangers on a Train,1951,1200000,101,8,10080
Straw Dogs,1971,3251794,118,7,4353
Street Pirates,1994,650000,94,8,103
Street Scene,1931,584000,80,7,138
Streets of Fire,1984,14500000,93,6,1758
Strike Up the Band,1940,838661,120,6,129
Stripes,1981,10000000,106,6,6978
Striporama,1953,40000,70,8,12
Striptease,1996,50000000,115,3,7636
Stuart Little,1999,103000000,84,6,7549
Sub terra,2003,1200000,105,7,50
Submarine,1928,150000,93,6,17
Suburbia,1984,1000000,94,6,457
Sugar Town,1999,250000,92,5,298
Suicide Kings,1997,5000000,106,6,5746
Sumas y restas,2004,1500000,108,6,6
Summer Catch,2001,17000000,108,4,2432
Summer Holiday,1948,2258325,93,5,55
Summer of Sam,1999,22000000,142,6,7773
Sunday,1997,450000,91,7,240
Sunshine State,2002,5600000,141,7,1423
Super Troopers,2001,3000000,100,6,7083
Supergirl,1984,35000000,124,4,3347
Superman,1941,100000,10,7,134
Superman,1978,55000000,143,7,17286
Superman II,1980,54000000,127,6,10458
Superstar,1999,14000000,81,4,2712
Supervixens,1975,250000,106,6,476
Surface Calm,2001,15000,18,5,19
Surviving Picasso,1996,16000000,125,6,1076
Suspended Animation,2001,1900000,114,5,61
Suzy,1936,614000,93,6,138
Swamp Thing,1982,3000000,91,5,1109
Sweepers,1999,12500000,96,3,260
Sweet Angel Mine,1996,5000000,88,5,114
Sweet Charity,1969,20000000,149,6,598
Sweet Hideaway,2003,350000,96,1,13
Sweet Home Alabama,2002,38000000,108,5,9321
Sweet November,2001,40000000,119,5,5027
Swept Away,2002,10000000,89,3,1899
Swimfan,2002,8500000,85,4,3640
Swimming with Sharks,1994,700000,101,7,4639
Swing Time,1936,886000,103,7,1048
Swingers,1996,200000,96,7,15161
Swiri,1999,5000000,125,6,1558
Switchback,1997,38000000,118,6,2073
Switchblade Sisters,1975,320000,91,5,384
Swoon,1992,250000,82,7,279
Swordfish,2001,80000000,99,6,19141
Swordswallowers and Thin Men,2003,2500,105,8,6
Sylvia Scarlett,1935,1000000,95,5,387
Symphony of Six Million,1932,270000,94,5,56
Sztuka spadania,2004,100000,6,8,34
Tabu,1931,150000,84,7,288
Tadpole,2002,150000,78,6,1650
Take a Giant Step,1959,300000,100,5,5
Take Me Out to the Ball Game,1949,1725970,93,6,361
Take the Money and Run,1969,1500000,85,7,2848
Tales from the Hood,1995,6000000,98,5,492
Talk Radio,1988,4000000,110,6,1963
Talk to Taka,2000,100000,12,3,37
Tall Tale,1995,32000000,98,4,349
Tang shan da xiong,1971,100000,115,6,1324
Tank Girl,1995,25000000,104,4,4130
Taras Bulba,1962,7000000,124,5,383
Target Earth,1954,85000,75,5,99
Targets,1968,130000,90,7,725
Tart,2001,3300000,94,4,671
Tarzan,1999,150000000,88,7,10212
Tarzan and His Mate,1934,1279000,104,7,406
Tarzan and the Mermaids,1948,1000000,68,5,99
Taxi Driver,1976,1300000,113,8,44908
Tea with Mussolini,1999,12000000,117,6,2596
Tears of the Sun,2003,70000000,121,6,7727
Teen Wolf Too,1987,3000000,95,2,2111
Teenage Cave Man,1958,70000,65,3,163
Teenage Monster,1958,57000,65,3,55
Teenage Mutant Ninja Turtles,1990,13500000,93,5,6426
Teenage Thunder,1957,46000,78,4,6
Tell Me That You Love Me,1983,1000000,91,3,5
Tell Them Johnny Wadd Is Here,1975,12000,74,5,23
Telling Lies in America,1997,4000000,101,6,605
Temporary Girl,1998,250000,90,7,18
Ten to Chi to,1990,42000000,215,6,229
Terminal USA,1993,365000,54,6,35
Terror in a Texas Town,1958,80000,80,6,104
Terror Tract,2000,11000000,96,5,268
Terror Train,1980,3500000,97,5,520
Tevya,1939,70000,93,6,44
Texas Rangers,2001,38000000,90,5,879
That Little Monster,1994,30000,56,6,62
Thaw,2000,15000,14,8,6
Theodore Rex,1995,33000000,92,2,531
There Goes My Baby,1994,10500000,99,6,236
They,2002,17000000,89,4,2397
They Call Him Sasquatch,2003,1000000,100,6,9
They Died with Their Boots On,1941,2200000,140,7,631
They Drive by Night,1940,500000,95,7,601
They Live,1988,4000000,93,6,4787
Thief of Hearts,1984,9000000,100,5,350
Thieves Like Us,1974,800000,123,6,285
Thirteen,2003,1500000,100,7,7652
Thirteen Conversations About One Thing,2001,3000000,104,7,2714
Thirteen Days,2000,80000000,145,7,10462
This Is Elvis,1981,5000000,101,6,188
This Is Not a Love Story,2002,1000000,81,3,9
This Island Earth,1955,800000,87,5,1231
This Love of Ours,1945,2000000,90,5,20
This Property Is Condemned,1966,4000000,110,6,460
This Space Between Us,2000,1290000,98,4,30
Thomas and the Magic Railroad,2000,19000000,85,4,335
Thoroughly Modern Millie,1967,6000000,138,6,769
Three Bewildered People in the Night,1987,5000,92,5,21
Three Faces West,1940,100000,79,5,94
Three Fugitives,1989,15000000,90,5,1588
Three Kings,1999,48000000,114,7,30056
Three Little Pigs,1933,15720,8,7,221
Three Smart Girls,1936,326000,84,7,96
Three to Tango,1999,20000000,98,6,5450
Thunder Afloat,1939,1000000,95,5,15
Thunderball,1965,9000000,130,6,7765
Thunderbirds,2004,57000000,95,4,1217
Thunderbolt and Lightfoot,1974,4000000,114,6,1836
Tickle Me,1965,1480000,90,4,159
Till the Clouds Roll by,1946,2841000,132,6,236
Time Bandits,1981,5000000,116,6,8939
Time Changer,2002,825000,95,4,278
Time Walker,1982,750000,83,2,158
Timecode,2000,4000000,97,6,2231
Timeline,2003,80000000,116,5,5234
Tin Cup,1996,45000000,135,6,7168
Tin Men,1987,11000000,110,6,1968
Tis the Season,1998,10000,17,9,5
Titanic,1997,200000000,194,6,86056
Titus Andronicus,2000,16000,167,3,10
To Catch a Thief,1955,2500000,106,7,5621
To Die For,1995,20000000,106,6,7331
To Kill a Mockingbird,1962,2000000,129,8,28724
Tom Horn,1980,3000000,98,6,378
Tom Jones,1963,1000000,121,7,1306
Tomcats,2001,11000000,95,4,3511
Tommy,1975,5000000,111,6,2731
Tomorrow Never Dies,1997,110000000,119,6,18506
Too Late Blues,1961,375000,103,6,59
Top Dog,1995,6000000,86,3,320
Top Gun,1986,15000000,110,6,30736
Top Hat,1935,609000,101,7,2101
Topaz,1969,4000000,143,6,1785
Torn Curtain,1966,6000000,128,6,2303
Torque,2004,40000000,81,3,3566
Torrent,1926,250000,88,7,72
Total Recall,1990,65000000,113,7,25130
Touch of Evil,1958,829000,95,8,11250
Tovarich,1937,1400000,98,7,114
Toy Story,1995,30000000,81,7,43795
Trader Horn,1931,1320000,122,7,68
Traffic,2000,48000000,147,7,39418
Traffic in Souls,1913,5700,74,6,41
Training Day,2001,45000000,120,7,20857
Trainspotting,1996,3500000,94,8,48972
Trancers,1985,400000,76,6,483
Trapeze,1956,4000000,105,6,445
Trapped,1982,2000000,95,4,16
Trapped,2002,30000000,106,6,3439
Trash,1970,25000,110,6,295
Trauma,1962,69000,93,4,6
Travellers and Magicians,2003,1800000,108,6,123
Treasure Planet,2002,140000000,95,6,3488
Trees Lounge,1996,1300000,95,7,3026
Trekkies,1997,375000,86,6,1416
Tri istorii,1997,500000,105,7,75
Tribute,1980,8400000,121,5,100
Trois,2000,200000,93,2,164
Tromeo and Juliet,1996,350000,102,5,969
Tron,1982,17000000,96,6,8684
Trotsky,1993,1500000,98,4,8
Trouble in Paradise,1932,519706,83,8,1226
Troy,2004,185000000,163,7,29457
True,1999,1000,3,7,31
True Lies,1994,100000000,144,7,29591
True Romance,1993,12500000,120,7,24254
Tuck Everlasting,2002,15000000,88,6,1888
Tui shou,1992,400000,105,7,293
Tumbleweeds,1999,312000,102,6,1086
Tumbling Tumbleweeds,1935,12500,61,8,9
Tunnel Vision,1976,250000,70,4,161
Turkey Shoot,1981,3200000,93,4,147
Turn It Up,2000,9000000,86,4,120
Turning Paige,2001,1000000,109,6,93
Tusk,1980,1500000,119,4,23
Twelve Monkeys,1995,29000000,129,7,59184
Twice Today,2001,40000,80,8,5
Twin Falls Idaho,1999,500000,111,7,1467
Twin Town,1997,3300000,99,6,1108
Twins,1988,15000000,105,5,12541
Twister,1996,92000000,113,5,27172
Two Can Play That Game,2001,6000000,90,5,799
Two for the Road,1967,4000000,111,7,1175
Two Girls and a Guy,1997,1000000,84,5,1936
Two Story House,2003,3000,14,7,7
Two Weeks Notice,2002,60000000,101,5,13891
U Turn,1997,19000000,125,6,9688
UHF,1989,5000000,97,6,6157
Ultimo tango a Parigi,1972,1250000,136,6,3699
Uma Aventura do Zico,1998,5300000,93,2,24
Unbreakable,2000,75000000,106,7,33742
Uncivilized,1994,1000000,91,4,18
Unconquered,1947,4000000,146,6,235
Under Siege,1992,12000000,103,6,8912
Under Suspicion,2000,25000000,110,6,3452
Under the Rainbow,1981,20000000,97,4,512
Under the Skin,1997,1000000,82,6,349
Under the Tuscan Sun,2003,18000000,113,6,3718
Under Two Flags,1936,1500000,112,6,69
Undercover Brother,2002,25000000,86,6,4832
Underneath,1995,6500000,99,6,656
Une chance sur deux,1998,32000000,110,5,455
Unfaithful,2002,50000000,124,6,8204
Unforgettable,1996,18000000,117,5,886
Union Pacific,1939,1000000,135,7,213
Universal Soldier,1992,23000000,99,5,5367
Unmade Beds,1997,1000000,95,6,142
Unstoppable,2004,15000000,96,4,446
Up in Arms,1944,2000000,106,6,126
Uptown Saturday Night,1974,3000000,104,5,261
Urban Legend,1998,14000000,99,5,7843
Urban Relics,1998,500000,96,8,5
Urbania,2000,225000,103,6,1045
Utomlyonnye solntsem,1994,2800000,152,7,2076
V leru,1999,250000,90,6,110
Vacant Lot,2000,75000,108,7,11
Vakvagany,2002,20000,86,5,27
Valentine,2001,10000000,96,4,4477
Valley Girl,1983,350000,99,5,1947
Valley of the Dolls,1967,5000000,123,5,918
Vampire in Brooklyn,1995,14000000,100,4,2539
Vampires,1998,20000000,108,5,7566
Van Helsing,2004,160000000,132,5,17632
Van Wilder,2002,6000000,92,5,6945
Vanilla Sky,2001,68000000,136,6,28846
Varsity Blues,1999,16000000,106,5,7611
Vatel,2000,36000000,103,6,1229
Vendetta,1950,4000000,83,5,8
Venus in Furs,1967,8500,65,1,5
Veronica Guerin,2003,17000000,98,6,2366
Vertical Limit,2000,75000000,124,5,9714
Vertigo,1958,2479000,128,8,32264
Very Bad Things,1998,10000000,100,5,9520
Victory Through Air Power,1943,788000,65,7,61
Videodrome,1983,5952000,87,6,4492
Village of the Damned,1960,200000,77,7,1336
Village of the Damned,1995,7000000,99,5,2438
Virtuosity,1995,30000000,106,5,3962
Visceral Matter,1997,60000,48,6,22
Vivacious Lady,1938,703000,90,6,198
Voditel dlya Very,2004,3300000,105,7,145
Volcano,1997,90000000,104,5,8142
Voodoo Woman,1957,65000,75,2,46
Vor,1997,2000000,96,7,806
Vortex,1983,80000,90,4,10
W pustyni i w puszczy,2001,4200000,111,6,32
Wag the Dog,1997,15000000,97,7,15657
Wait Until Dark,1967,4000000,107,7,3267
Waiting for Guffman,1996,4000000,84,7,6989
Waiting to Exhale,1995,15000000,127,5,1547
Wake of the Red Witch,1948,1200343,106,6,254
Waking Ned,1998,3000000,91,7,6932
Walker,1987,5800000,95,4,280
Walking Across Egypt,1999,4500000,100,6,234
Walking and Talking,1996,1000000,86,6,859
Walking Tall,1973,500000,125,6,565
Wall Street,1987,15000000,125,7,10623
War and Peace,1956,6000000,208,6,730
War Is Hell,1963,47000,81,5,6
WarGames,1983,12000000,114,6,11054
Warlock,1989,7000000,103,5,1740
Waterloo Bridge,1931,251289,81,7,127
Waterworld,1995,175000000,136,5,18379
Way Down East,1920,700000,145,7,270
Way Out West,1930,20000,71,5,19
We Were Soldiers,2002,75000000,138,7,13713
We Were Strangers,1949,900000,106,6,51
Week End,1967,250000,105,7,983
Weekend of Shadows,1978,500000,95,6,11
Welcome Danger,1929,979828,115,6,48
Welcome to Collinwood,2002,12000000,86,6,2585
Welcome to Mooseport,2004,26000000,110,5,2088
Welcome to Sarajevo,1997,9000000,103,6,1389
Welcome to the Dollhouse,1995,800000,88,7,5534
Wells Fargo,1937,1500000,97,7,40
Werewolf,1996,350000,99,2,979
West Beyrouth,1998,800000,105,7,416
West Side Story,1961,6000000,151,7,12256
Westward Ho,1935,35000,61,4,29
What a Girl Wants,2003,20000000,105,5,3151
What Dreams May Come,1998,85000000,113,6,11016
What Lies Beneath,2000,90000000,130,6,19544
What Price Glory,1926,360000,116,7,33
What Women Want,2000,65000000,127,6,18962
Whatever It Takes,2000,15000000,94,5,1692
When a Stranger Calls,1979,740000,97,6,570
When Strangers Marry,1944,50000,67,6,73
When Worlds Collide,1951,936000,83,6,769
Where the Heart Is,2000,15000000,120,6,4783
Where the Money Is,2000,18000000,89,6,1379
While You Were Sleeping,1995,17000000,103,6,12523
Whipped,2000,3000000,82,4,1482
White Mischief,1987,5300000,107,6,533
White Oleander,2002,16000000,109,6,4190
White Squall,1996,38000000,129,6,3251
White Star,1983,100000,92,4,23
White Zombie,1932,50000,69,6,574
Who Framed Roger Rabbit,1988,70000000,103,7,20313
Wholey Moses,2003,67000,22,4,43
Wicked Spring,2002,500000,102,5,145
Wide Awake,1998,7000000,88,5,604
Wild at Heart,1990,9500000,124,7,8997
Wild Gals of the Naked West,1962,26000,65,2,67
Wild Guitar,1962,30000,92,4,51
Wild Horse,1931,60000,77,5,10
Wild in the Streets,1968,1000000,94,5,312
Wild Orchids,1929,322000,100,6,52
Wild Things,1998,20000000,108,6,16824
Wild Wild West,1999,170000000,107,4,17936
Wilde,1997,10000000,118,6,2396
Willow,1988,35000000,130,6,9830
Wilson,1944,4000000,154,6,141
Wimbledon,2004,31000000,98,6,2911
Wind River,1998,5500000,97,5,93
Windtalkers,2002,115000000,134,5,8461
Wing Commander,1999,30000000,100,3,4642
Wings,1927,800000,139,7,750
Winter Kills,1979,6500000,97,6,271
Wise Guys,1986,13000000,100,5,740
Wisegirls,2002,11000000,96,5,750
Wishmaster,1997,5000000,90,4,2449
Witchboard,1986,2000000,98,4,518
Within the Woods,1978,1600,32,6,313
Without Limits,1998,25000000,117,6,1192
Witness,1985,12000000,112,7,13929
Witness for the Prosecution,1957,3000000,116,8,4918
Wo hu cang long,2000,15000000,120,8,49871
Wolf,1994,70000000,125,5,6790
Woman on Top,2000,8000000,92,5,1989
Women in Love,1969,1600000,131,7,771
Women Talking Dirty,1999,5000000,97,5,82
Wonder,2001,40000,31,7,16
Wonder Boys,2000,35000000,111,7,14949
Woo,1998,13000000,84,3,391
Woodstock,1970,600000,184,7,2423
Words and Music,1948,2799970,120,5,139
World Traveler,2001,2000000,103,5,321
X,1963,250000,79,6,628
Xanadu,1980,20000000,93,4,2110
xXx,2002,85000000,124,5,17061
Yentl,1983,12000000,132,5,1941
Yerma,1999,1670000,118,5,35
Yesil isik,2002,1500000,102,3,35
Yo puta,2004,6000000,90,5,84
Yolanda and the Thief,1945,2443322,108,5,104
You Better Watch Out,1980,750000,100,3,205
You Can Count on Me,2000,1200000,111,7,7257
You Got Served,2004,8000000,95,1,6090
You Only Live Once,1937,575000,86,7,305
You Only Live Twice,1967,9500000,117,6,7795
Young Frankenstein,1974,2800000,106,8,21258
Young Guns,1988,13000000,102,6,7640
Young Sherlock Holmes,1985,18000000,109,6,2861
Your Face,1987,2000,3,7,100
Yume,1990,12000000,119,7,2515
Zabriskie Point,1970,7000000,110,6,1292
Zardoz,1974,1000000,105,5,2720
Zero Effect,1998,5000000,116,7,4667
Ziegfeld Follies,1946,3240816,110,6,309
Zimmer Feri,1998,500000,97,6,56
Zohar,1993,800000,113,5,25
Zombies of the Stratosphere,1952,176357,167,4,47
Zoo Radio,1990,100000,90,3,11
Zoolander,2001,28000000,89,6,16681
Zvezda,2002,1300000,97,7,147
